 Country/Region,Brand,LMEsword Code ,Producer,Deliverable Shape,Warrant Issuance,Last Warrantable Date,Special Notes,material, Country/Region,LMEsword Code,Unnamed: 8,GRADES ,99.97,99.985,99.99,99.97.1,99.985.1,99.99.1,99.994,99.97.2,99.995
Australia,ISA,ISA,Mount Isa Mines Ltd,Full plate cathodes,WARRANTABLE,,,Copper - Grade A,,,,,,,,,,,,,
Australia,OLYDA,OLYDA,BHP Olympic Dam Corporation Pty Ltd,Full plate cathodes,WARRANTABLE,,,Copper - Grade A,,,,,,,,,,,,,
Austria,BRX,BRX,Montanwerke Brixlegg Aktiengesellschaft,Full plate cathodes,WARRANTABLE,,,Copper - Grade A,,,,,,,,,,,,,
Belgium,OLEN,OLEN,Aurubis Belgium n.v./s.a.,Full plate cathodes,WARRANTABLE,,,Copper - Grade A,,,,,,,,,,,,,
Brazil,CbM,CBM,Paranapanema S.A.,Full plate cathodes,WARRANTABLE,,,Copper - Grade A,,,,,,,,,,,,,
Brazil,CbM-P,CbMP,Paranapanema S.A.,Full plate cathodes,WARRANTABLE,,,Copper - Grade A,,,,,,,,,,,,,
Bulgaria,PIRDOP,PIRDOP,Aurubis Bulgaria AD,Full plate cathodes,WARRANTABLE,,,Copper - Grade A,,,,,,,,,,,,,
Canada,NORANDA,NORA,Glencore Canada Corporation,Full plate cathodes,WARRANTABLE,,Produced after October 1999,Copper - Grade A,,,,,,,,,,,,,
Chile,ABRA,ABRA,Sociedad Contractual Minera El Abra,Full plate cathodes,WARRANTABLE,,,Copper - Grade A,,,,,,,,,,,,,
Chile,AE,AECOP,Corporacion Nacional del Cobre de Chile,Full plate cathodes,WARRANTABLE,,,Copper - Grade A,,,,,,,,,,,,,
Chile,AE SX EW,AESXEW,Corporacion Nacional del Cobre de Chile,Full plate cathodes,WARRANTABLE,,,Copper - Grade A,,,,,,,,,,,,,
Chile,CASERONES,CASER,SCM Minara Lumina Copper Chile,Full plate cathodes,WARRANTABLE,,,Copper - Grade A,,,,,,,,,,,,,
Chile,CCCP,CCCP,Corporacion Nacional del Cobre de Chile,Full plate cathodes,WARRANTABLE,,,Copper - Grade A,,,,,,,,,,,,,
Chile,CCC-SBL,CCCSBL,Corporacion Nacional del Cobre de Chile,Full plate cathodes,WARRANTABLE,,,Copper - Grade A,,,,,,,,,,,,,
Chile,CHUQUI-P,CHUQUI,Corporacion Nacional del Cobre de Chile,Full plate cathodes,WARRANTABLE,,,Copper - Grade A,,,,,,,,,,,,,
Chile,CMCC,CMCC,Compañia Minera Cerro Colorado Ltda,Full plate cathodes,WARRANTABLE,,,Copper - Grade A,,,,,,,,,,,,,
Chile,ENM,ENM,Corporacion Nacional del Cobre de Chile,Full plate cathodes,WARRANTABLE,,,Copper - Grade A,,,,,,,,,,,,,
Chile,ESOX,ESOX,Minera Escondida Limitada,Full plate cathodes,WARRANTABLE,,Produced after April 1999,Copper - Grade A,,,,,,,,,,,,,
Chile,GABY,GABY,Corporacion Nacional del Cobre de Chile,Full plate cathodes,WARRANTABLE,,,Copper - Grade A,,,,,,,,,,,,,
Chile,LBF,LBF,Compañía Minera Lomas Bayas,Full plate cathodes,WARRANTABLE,,,Copper - Grade A,,,,,,,,,,,,,
Chile,MET,MET,Minera Centinela,Full plate cathodes,WARRANTABLE,,,Copper - Grade A,,,,,,,,,,,,,
Chile,MIC-P,MICP,Minera HMC S.A.,Full plate cathodes,WARRANTABLE,,,Copper - Grade A,,,,,,,,,,,,,
Chile,MIC-T,MICT,Minera Michilla S.A,Full plate cathodes,NO NEW WARRANTS CAN BE ISSUED,,,Copper - Grade A,,,,,,,,,,,,,
Chile,MB,MB,Capstones Copper Corporation,Full plate cathodes,WARRANTABLE,,,Copper - Grade A,,,,,,,,,,,,,
Chile,MV,MV,Mantoverde S.A.,Full plate cathodes,WARRANTABLE,,,Copper - Grade A,,,,,,,,,,,,,
Chile,QB,QB,Compania Minera Teck Quebrada Blanca S.A.,Full plate cathodes,WARRANTABLE,,,Copper - Grade A,,,,,,,,,,,,,
Chile,RT,RT,Corporacion Nacional del Cobre de Chile,Full plate cathodes,WARRANTABLE,,,Copper - Grade A,,,,,,,,,,,,,
Chile,SPENCE,SPENCE,Minera Spence S.A.,Full plate cathodes,WARRANTABLE,,,Copper - Grade A,,,,,,,,,,,,,
Chile,ZALDIVAR,ZALDIV,Compania Minera Zaldivar,Full plate cathodes,WARRANTABLE,,,Copper - Grade A,,,,,,,,,,,,,
China,DJ-A,DJA,"Daye Nonferrous Metals Co., Ltd",Full plate cathodes,WARRANTABLE,,,Copper - Grade A,,,,,,,,,,,,,
China,DJ-B,DJB,"Daye Nonferrous Metals Co., Ltd",Full plate cathodes,WARRANTABLE,,,Copper - Grade A,,,,,,,,,,,,,
China,DN-TIEFENG ,DNTIEF,"China Copper Southeast Copper Co., Ltd",Full plate cathodes,WARRANTABLE,,,Copper - Grade A,,,,,,,,,,,,,
China,CF-TIEFENG ,CFTIEF,"Chifeng Yuntong Non-Ferrous Metals Co., Ltd",Full plate cathodes,WARRANTABLE,,,Copper - Grade A,,,,,,,,,,,,,
China,GUIYE,GUIYE,Jiangxi Copper Company Ltd.,Full plate cathodes,WARRANTABLE,,,Copper - Grade A,,,,,,,,,,,,,
China,HLJ ZIJIN,HLJZIJ,Heilongjiang Zijin Copper Co Ltd,Full plate cathodes,WARRANTABLE,,,Copper - Grade A,,,,,,,,,,,,,
China,HUMON-D,HUMOND,"Shandong Humon Smelting Co., Ltd",Full plate cathodes,WARRANTABLE,,,Copper - Grade A,,,,,,,,,,,,,
China,JCC,JCC,Jiangxi Copper Company Ltd.,Full plate cathodes,WARRANTABLE,,,Copper - Grade A,,,,,,,,,,,,,
China,JCC-QY,JCCQY,"Jiangxi Copper (QingYuan) Co., Ltd",Full plate cathodes,WARRANTABLE,,,Copper - Grade A,,,,,,,,,,,,,
China,JILIN ZIJIN,JIZIJIN,"Jilin Zijin Copper Co., Ltd",Full plate cathodes,WARRANTABLE,,,Copper - Grade A,,,,,,,,,,,,,
China,JINFENG,JINFEN,"Zhejiang Jiangtong Fuye Heding Copper Co., Ltd",Full plate cathodes,WARRANTABLE,,,Copper - Grade A,,,,,,,,,,,,,
China,JINTUN,JINTUN,"Jinlong Copper Co., Ltd",Full plate cathodes,WARRANTABLE,,Produced after 31/8/1997,Copper - Grade A,,,,,,,,,,,,,
China,JINXI,JINXI,"Dongying Jinxi Copper Co., Ltd",Full plate cathodes,NO NEW WARRANTS CAN BE ISSUED,,,Copper - Grade A,,,,,,,,,,,,,
China,JNMC,JNMC,"Jinchuan Group Co., Ltd.",Full plate cathodes,WARRANTABLE,,,Copper - Grade A,,,,,,,,,,,,,
China,JNMCc,JNMCC,Guangxi Jinchuan Non-Ferrous Metals Co Ltd,Full plate cathodes,WARRANTABLE,,,Copper - Grade A,,,,,,,,,,,,,
China,LFC,LFC,Dongying Lufang Metals Material Co Ltd,Full plate cathodes,WARRANTABLE,,,Copper - Grade A,,,,,,,,,,,,,
China,TIE FENG,TIEFEN,"Yunnan Copper Industry Co., Ltd",Full plate cathodes,WARRANTABLE,,,Copper - Grade A,,,,,,,,,,,,,
China,TG-JG,TGJG,"Tongling Nonferrous Metals Group Co., Ltd.",Full plate cathodes,WARRANTABLE,,,Copper - Grade A,,,,,,,,,,,,,
China,TG-JL,TGJL,"Jinlong Copper Co., Ltd",Full plate cathodes,WARRANTABLE,,,Copper - Grade A,,,,,,,,,,,,,
China,XGC,XGC,YangGu Xiangguang Copper Co Ltd,Full plate cathodes,WARRANTABLE,,,Copper - Grade A,,,,,,,,,,,,,
China,XGC II,XGCII,YangGu Xiangguang Copper Co Ltd,Full plate cathodes,WARRANTABLE,,,Copper - Grade A,,,,,,,,,,,,,
China,YG,YGCU,"Henan Yuguang Gold & Lead Co., Ltd",Full plate cathodes,WARRANTABLE,,,Copper - Grade A,,,,,,,,,,,,,
China,ZIJIN,ZIJICU,"Zijin Copper Co., Ltd",Full plate cathodes,WARRANTABLE,,,Copper - Grade A,,,,,,,,,,,,,
China,QL,QL,"Guangxi Nanko Copper Co., Ltd.",Full plate cathodes,WARRANTABLE,,,Copper - Grade A,,,,,,,,,,,,,
China,ZJZY,ZJZY,Henan Zhongyuan Gold Smelter LLC,Full plate cathodes,WARRANTABLE,,,Copper - Grade A,,,,,,,,,,,,,
Finland,BCH,BCH,Boliden Harjavalta Oy,Full plate cathodes,WARRANTABLE,,,Copper - Grade A,,,,,,,,,,,,,
Germany,HK,HKC,Aurubis AG,Full plate cathodes,WARRANTABLE,,,Copper - Grade A,,,,,,,,,,,,,
Germany,NA-ESN,NAESN,Aurubis AG,Full plate cathodes,WARRANTABLE,,,Copper - Grade A,,,,,,,,,,,,,
India,BIRLA COPPER,BIRLA,Hindalco Industries Limited,Full plate cathodes,WARRANTABLE,,,Copper - Grade A,,,,,,,,,,,,,
India,BIRLA COPPER II,BIRLA2,Hindalco Industries Limited,Full plate cathodes,WARRANTABLE,,,Copper - Grade A,,,,,,,,,,,,,
India,STERLITE,STERLT,Vedanta Limited,Full plate cathodes,WARRANTABLE,,,Copper - Grade A,,,,,,,,,,,,,
India,STERLITE T,STERT,Vedanta Limited,Full plate cathodes,NO NEW WARRANTS CAN BE ISSUED,,,Copper - Grade A,,,,,,,,,,,,,
Indonesia,GRESIK,GRESIK,PT Smelting,Full plate cathodes,WARRANTABLE,,,Copper - Grade A,,,,,,,,,,,,,
Japan,HR,HR,JX Nippon Mining & Metals Corporation,Full plate cathodes,WARRANTABLE,,,Copper - Grade A,,,,,,,,,,,,,
Japan,MITSUBISHI,MITSUB,Mitsubishi Materials Corporation,Full plate cathodes,WARRANTABLE,,,Copper - Grade A,,,,,,,,,,,,,
Japan,OSR,OSR,Onahama Smelting & Refining Co Ltd,Full plate cathodes,WARRANTABLE,,,Copper - Grade A,,,,,,,,,,,,,
Japan,SR-P,SRP,JX Nippon Mining & Metals Corporation,Full plate cathodes,WARRANTABLE,,,Copper - Grade A,,,,,,,,,,,,,
Japan,SUMIKO N,SUMIN,"Sumitomo Metal Mining Co., Ltd.",Full plate cathodes,WARRANTABLE,,,Copper - Grade A,,,,,,,,,,,,,
Japan,SUMIKO-S,SUMIS,"Sumitomo Metal Mining Co., Ltd.",Full plate cathodes,WARRANTABLE,,,Copper - Grade A,,,,,,,,,,,,,
Japan,SUMIKO T,SUMIT,"Sumitomo Metal Mining Co., Ltd.",Full plate cathodes,WARRANTABLE,,,Copper - Grade A,,,,,,,,,,,,,
Japan,TAMANO-P,TAMP,"Hibi Kyodo Smelting Co., Ltd",Full plate cathodes,WARRANTABLE,,,Copper - Grade A,,,,,,,,,,,,,
Korea (South),ONSAN I,ONSI,LS MnM.,Full plate cathodes,WARRANTABLE,,,Copper - Grade A,,,,,,,,,,,,,
Korea (South),ONSAN II,ONS,LS MnM.,Full plate cathodes,WARRANTABLE,,,Copper - Grade A,,,,,,,,,,,,,
Laos,SEPON,SEPON,Lane Xang Minerals Limited,Full plate cathodes,NO NEW WARRANTS CAN BE ISSUED,,,Copper - Grade A,,,,,,,,,,,,,
Mexico,CER,CER,Metalurgica de Cobre S.A. de C.V.,Full plate cathodes,WARRANTABLE,,,Copper - Grade A,,,,,,,,,,,,,
Myanmar,MONYWA LPT,MONLPT,Myanmar Wanbao Mining Copper Ltd.,Full plate cathodes,NO NEW WARRANTS CAN BE ISSUED,,,Copper - Grade A,,,,,,,,,,,,,
Myanmar,MONYWA S&K,MONYWA,Myanmar Yang Tse Copper Limited,Full plate cathodes,NO NEW WARRANTS CAN BE ISSUED,,,Copper - Grade A,,,,,,,,,,,,,
Norway,FHG,FHG,Glencore Nikkelverk AS,Full plate cathodes,WARRANTABLE,,,Copper - Grade A,,,,,,,,,,,,,
Peru,SMCV,SMCVB,Sociedad Contractual Minera Cerro Verde,Full plate cathodes,WARRANTABLE,,,Copper - Grade A,,,,,,,,,,,,,
Peru,SPCC-ILO,SPCCIL,Southern Peru Copper Corporation,Full plate cathodes,WARRANTABLE,,,Copper - Grade A,,,,,,,,,,,,,
Peru,SPCC-SXEW,SPCCSX,Southern Peru Copper Corporation,Full plate cathodes,WARRANTABLE,,,Copper - Grade A,,,,,,,,,,,,,
Philippines,PSR ISABEL,PSR,Philippine Associated Smelting and Refining Corporation,Full plate cathodes,WARRANTABLE,,,Copper - Grade A,,,,,,,,,,,,,
Poland,HMG-B,HMGB,KGHM Polska Miedz SA,Full plate cathodes,WARRANTABLE,,,Copper - Grade A,,,,,,,,,,,,,
Poland,HMG-S,HMGS,KGHM Polska Miedz SA,Full plate cathodes,WARRANTABLE,,,Copper - Grade A,,,,,,,,,,,,,
Poland,HML,HML,KGHM Polska Miedz SA,Full plate cathodes,WARRANTABLE,,,Copper - Grade A,,,,,,,,,,,,,
Russia,NORNICKEL ,NORNCU,PJSC “MMC “Norilsk Nickel”,Full plate cathodes,WARRANTABLE,,,Copper - Grade A,,,,,,,,,,,,,
Russia,NORILSK,NORCU,PJSC “MMC “Norilsk Nickel”,Full plate cathodes,NEW WARRANTS CANNOT BE ISSUED FROM THE DEFINED DATE,2023-10-19,,Copper - Grade A,,,,,,,,,,,,,
Russia,UMMC,UMMC,JSC Uralelektromed,Full plate cathodes,WARRANTABLE,,See Notice 22/239 for restrictions on the warranting of this brand.,Copper - Grade A,,,,,,,,,,,,,
Russia,UMMC II,UMMCII,JSC Uralelektromed,Full plate cathodes,WARRANTABLE,,See Notice 22/239 for restrictions on the warranting of this brand.,Copper - Grade A,,,,,,,,,,,,,
South Africa,RIO TINTO PALABORA MINING COMPANY LIMITED,RTPAL,Palabora Mining Company Limited,Full plate cathodes,NO NEW WARRANTS CAN BE ISSUED,,,Copper - Grade A,,,,,,,,,,,,,
Spain,FMS,FMS,Atlantic Copper S.L.U.,Full plate cathodes,WARRANTABLE,,,Copper - Grade A,,,,,,,,,,,,,
Spain,FQM-CLC,FQMCLC,Cobre Las Cruces S.A.,Full plate cathodes,WARRANTABLE,,,Copper - Grade A,,,,,,,,,,,,,
Sweden,BK,BK,Boliden Mineral AB,Full plate cathodes,WARRANTABLE,,,Copper - Grade A,,,,,,,,,,,,,
USA,ATR,ATRA,ASARCO LLC,Full plate cathodes,NO NEW WARRANTS CAN BE ISSUED,,,Copper - Grade A,,,,,,,,,,,,,
USA,CBCC,CBCC,Freeport-McMoRan Copper & Gold Inc.,Full plate cathodes,WARRANTABLE,,,Copper - Grade A,,,,,,,,,,,,,
USA,CTB,CTB,Freeport-McMoRan Copper & Gold Inc.,Full plate cathodes,WARRANTABLE,,,Copper - Grade A,,,,,,,,,,,,,
USA,KUC,KUC,Kennecott Utah Copper LLC,Full plate cathodes,WARRANTABLE,,,Copper - Grade A,,,,,,,,,,,,,
USA,P*D,PD,Freeport-McMoRan Copper & Gold Inc.,Full plate cathodes,WARRANTABLE,,,Copper - Grade A,,,,,,,,,,,,,
USA,PD*GO,PDGO,Freeport-McMoRan Copper & Gold Inc.,Full plate cathodes,WARRANTABLE,,,Copper - Grade A,,,,,,,,,,,,,
USA,PDMI,PDMI,Freeport-McMoRan Copper & Gold Inc.,Full plate cathodes,WARRANTABLE,,,Copper - Grade A,,,,,,,,,,,,,
USA,PDSS,PDSS,Freeport-McMoRan Copper & Gold Inc.,Full plate cathodes,WARRANTABLE,,,Copper - Grade A,,,,,,,,,,,,,
Zambia,CMC,CMC,Chambishi Metals Plc,Full plate cathodes,NO NEW WARRANTS CAN BE ISSUED,,,Copper - Grade A,,,,,,,,,,,,,
Zambia,MCM2,MCM2,Mopani Copper Mines Plc,Full plate cathodes,WARRANTABLE,,,Copper - Grade A,,,,,,,,,,,,,
Zambia,REC,REC,Konkola Copper Mines plc,Full plate cathodes,WARRANTABLE,,,Copper - Grade A,,,,,,,,,,,,,
Intentionally blank,,,,,,,,Copper - Grade A,,,,,,,,,,,,,
,NYRSTAR BHAS 9997,,Nyrstar Sales & Marketing AG,Ingots,WARRANTABLE,,,Lead,Australia,NYRS97,,,Y,,,,,,,,
,NYRSTAR BHAS 9999,,Nyrstar Sales & Marketing AG,Ingots,WARRANTABLE,,,Lead,Australia,NYRS99,,,,,Y,,,,,,
,ZINIFEX BHAS BROKEN HILL - AUSTRALIA 9997,,Nyrstar Sales & Marketing AG,Ingots,NO NEW WARRANTS CAN BE ISSUED,,,Lead,Australia,ZIN997,,,Y,,,Y,,,,,
,BBU,,ECOBAT Resources Austria,Ingots,WARRANTABLE,,,Lead,Austria,BBU,,,Y,,,,,,,,
,MCR MADE IN BELGIUM,,Campine Recycling NV,Ingots,WARRANTABLE,,,Lead,Belgium,MCRBEL,,,Y,,,,,,,,
,UMICORE 99.97,,Umicore,Ingots,WARRANTABLE,,,Lead,Belgium,UMI997,,,Y,,,Y,,,,,
,UMICORE 99.985,,Umicore,Ingots,WARRANTABLE,,,Lead,Belgium,UMI985,,,,Y,,,,,,,
,UMICORE 99.99,,Umicore,Ingots,WARRANTABLE,,,Lead,Belgium,UMI999,,,,,Y,,,Y,,,
,KUM 99.97%,,KCM AD,Ingots,WARRANTABLE,,,Lead,Bulgaria,KM9997,,,Y,,,,,,,,
,KUM 99.99%,,KCM AD,Ingots,WARRANTABLE,,,Lead,Bulgaria,KM9999,,,,,Y,,,,,,
,TECK COMINCO,,Teck Metals Ltd.,Ingots,WARRANTABLE,,,Lead,Canada,TECOM,,,,,Y,,,,,,
,NOVA PB 9997,,Terrapure Environmental,Ingots,WARRANTABLE,,,Lead,Canada,NOVA97,,,Y,,,,,,,Y,
,TONOLLI CANADA,,Terrapure Environmental,Ingots,WARRANTABLE,,,Lead,Canada,TONOLL,,,Y,,,,,,,,
,HS Pb99.994PCT,,"Honghe Red Lead Chemical Co., Ltd.",Ingots,WARRANTABLE,,,Lead,China,HSPB,,,,,,,,,Y,,
,IBIS,,"Baiyin Nonferrous Group Co., Ltd.",Ingots,WARRANTABLE,,,Lead,China,IBIS,,,,,,,,,Y,,
,JIJIN,,"Henan Jinli Gold and Lead Group Co., Ltd",Ingots,WARRANTABLE,,,Lead,China,JIJIN,,,,,,,,,Y,,
,JINYUTENG,,"Hunan Yuteng Nonferrous Metals Co., Ltd.",Ingots,NO NEW WARRANTS CAN BE ISSUED,,,Lead,China,JINYUT,,,,,,,,,Y,,
,NH-R,,Shenzhen Zhongjin Lingnan Nonfemet Co. Ltd.,Ingots,WARRANTABLE,,,Lead,China,NHR,,,,,,,,,Y,,
,NF,,Guangxi Nandan Nanfang Metal Company Limited,Ingots,WARRANTABLE,,,Lead,China,NF,,,,,,,,,Y,,
,SKS,,"Hunan Shui Kou Shan Nonferrous Metals Group Co., Ltd.",Ingots,WARRANTABLE,,,Lead,China,SKS,,,,,,,,,Y,,
,WANYANG,,"Jiyuan Wanyang Smeltery Group Co., Ltd.",Ingots,WARRANTABLE,,,Lead,China,WANYAN,,,,,,,,,Y,,
,YUGUANG,,"Henan Yuguang Gold and Lead Co., Ltd",Ingots,WARRANTABLE,,,Lead,China,YUG,,,,,,,,,Y,,
,YUNSHA PB99.994%MIN,,"Yunnan Zhenxing Industry Group Co., Ltd.",Ingots,WARRANTABLE,,,Lead,China,YUNSHA,,,,,,,,,Y,,
,YQ 99994,,"Yunnan Chihong Zinc & Germanium Co., Ltd.",Ingots,WARRANTABLE,,,Lead,China,YQ94,,,,,,,,,Y,,
,YNG,,"Luoyang Yongning Nonferrous Technology Co., Ltd",Ingots,WARRANTABLE,,,Lead,China,YNG,,,,,,,,,,,
,YY PB 99.994PCT,,Shadian Refinery,Ingots,NEW WARRANTS CANNOT BE ISSUED FROM THE DEFINED DATE,2022-12-02,,Lead,China,YY,,,,,,,,,Y,,
,FMB PB970R,,Metalblanc,Ingots,WARRANTABLE,,,Lead,France,FMB970,,,Y ,,,Y,,,,Y,
,FMB PB985R,,Metalblanc,Ingots,WARRANTABLE,,,Lead,France,FMB985,,,,Y,,,Y,,,,
,GAST 970R,,Affinerie de Pont Sainte Maxence,Ingots,WARRANTABLE,,,Lead,France,GAST,,,Y,,,,,,,,
,STCM 970R,,Societe de Traitements Chimiques des Metaux,Ingots,NO NEW WARRANTS CAN BE ISSUED,,,Lead,France,STCM,,,Y,,,,,,,,
,AURUBIS F99.985,,Aurubis AG,Ingots,WARRANTABLE,,,Lead,Germany,AURUB,,,,Y,,,,,,,
,BSB,,ECOBAT Resources Braubach,Ingots,WARRANTABLE,,,Lead,Germany,BSB,,,Y,,,,,,,,
,F,,ECOBAT Resources Freiberg,Ingots,WARRANTABLE,,,Lead,Germany,F,,,Y,,,,,,,,
,ME WESER,,Nordenham Metall GmbH,Ingots,WARRANTABLE,,,Lead,Germany,MEWE,,,Y,,,,,,,,
,STOLBERG,,ECOBAT Resources Stolberg,Ingots,WARRANTABLE,,,Lead,Germany,STOLBE,,,Y,,,,,,,,
,POCL PB970R,,Pondy Oxides and Chemicals Limited,Ingots,WARRANTABLE,,,Lead,India,POCLPB ,,,Y,,,,,,,,
,VEDANTA 99.99,,Hindustan Zinc Ltd.,Ingots,WARRANTABLE,,Please refer to Notice 13 027,Lead,India,VEDAN,,,,,Y,,,,,,
,VEDANTA PB 99.99,,Hindustan Zinc Ltd.,Ingots,WARRANTABLE,,,Lead,India,VEPB99,,,,,Y,,,,,,
,IMLI PB 99.97,,PT. Indra Eramulti Logam Industri,Ingots,WARRANTABLE,,,Lead,Indonesia,IMLI97,,,Y,,,Y,,,,,
,IMLI PB 99.99,,PT. Indra Eramulti Logam Industri,Ingots,WARRANTABLE,,,Lead,Indonesia,IMLI99,,,,,Y,,,Y,,,
,HK970R,,Hakurnas Lead Works Ltd.,Ingots,WARRANTABLE,,,Lead,Israel,HK970R,,,Y,,,,,,,,
,MAK-1,,Piombifera Italiana S.p.A.,Ingots,NO NEW WARRANTS CAN BE ISSUED,,,Lead,Italy,MAK1,,,Y,,,Y,,,,Y,
,P. COLOMBO,,Piomboleghe Srl,Ingots,WARRANTABLE,,,Lead,Italy,COLMBO,,,Y,,,,,,,,
,ECO BAT,,Eco-Bat S.r.l.,Ingots,WARRANTABLE,,,Lead,Italy,ECOBAT,,,Y,,,,,,,,
,SAN GAVINO,,Portovesme Srl,Ingots,WARRANTABLE,,,Lead,Italy,SANGAV,,,Y,,,Y,,,,,
,EMK-K,,Mitsui Mining & Smelting Co Ltd,Ingots,WARRANTABLE,,,Lead,Japan,EMKK,,,Y,,,,,,,,
,EMK-T,,Mitsui Mining & Smelting Co Ltd,Ingots,WARRANTABLE,,,Lead,Japan,EMKT,,,Y,,,,,,,,
,TAK,,Toho Zinc Co Ltd,Ingots,WARRANTABLE,,,Lead,Japan,TAK,,,,,Y,,,,,,
,THREE DIAMOND,,"Hosokura Metal Mining Co., Ltd.",Ingots,WARRANTABLE,,,Lead,Japan,THREED,,,Y,,,,,,,,
,YK,,Kazzinc Ltd.,Ingots,WARRANTABLE,,,Lead,Kazakhstan,YK,,,,,,,,,Y,,
,KZ-LEAD,,Korea Zinc Co Ltd,Ingots,WARRANTABLE,,,Lead,Korea (South),KZLEAD,,,,,,,,,,,Y
,JIM 99.985,,Joong-IL Metals Inc.,Ingots,WARRANTABLE,,,Lead,Korea (South),JIM985,,,,Y,,,,,,,
,ARAYBY 99.97% MADE IN A.C. LEBANON,,Arayby for Industrial & Trading Company s.a.r.l.,Ingots,WARRANTABLE,,,Lead,Lebanon,ARA997,,,Y,,,,,,,,
,ARAYBY 99.985% MADE IN A.C. LEBANON,,Arayby for Industrial & Trading Company s.a.r.l.,Ingots,WARRANTABLE,,,Lead,Lebanon,ARA985,,,,Y,,,,,,,
,PENOLES,,Metalurgica Met-Mex Penoles SA de CV,Ingots,WARRANTABLE,,,Lead,Mexico,PENOLE,,,Y,,,Y,,,,Y,
,PIPSA 99.970%,,"Corporación Pipsa, S.A. de C.V.",Ingots,WARRANTABLE,,,Lead,Mexico,PIPSA,,,Y,,,Y,,,,Y,
,EAGLE 9997,,Orzel Bialy S.A.,Ingots,WARRANTABLE,,,Lead,Poland,EAGLE,,,Y,,,,,,,,
,H20POLSKAMS,,"Huta Cynku ""Miasteczko Slaskie"" S.A.",Ingots,WARRANTABLE,,,Lead,Poland,H20P,,,Y,,,,,,,,
,KGHM PB970R,,KGHM Polska Miedz SA,Ingots,WARRANTABLE,,,Lead,Poland,KGHM97,,,Y,,,,,,,,
,KGHM PB985R,,KGHM Polska Miedz SA,Ingots,WARRANTABLE,,,Lead,Poland,KGHM98,,,,Y,,,,,,,
,KGHM PB990R,,KGHM Polska Miedz SA,Ingots,WARRANTABLE,,,Lead,Poland,KGHM99,,,,,Y,,,,,,
,FRGT PB985R,,Fregat LLC,Ingots,NO NEW WARRANTS CAN BE ISSUED,,,Lead,Russia,FRGT,,,,Y,,,,,,,
,FRY'S 99.97 RSL,,Fry's Metals - a Division of Zimco Group (Pty) Ltd,Ingots,WARRANTABLE,,,Lead,South Africa,FRYS97,,,Y,,,,,,,,
,FESA,,"Metalurgica de Medina, S.A.",Ingots,WARRANTABLE,,,Lead,Spain,FESA,,,,Y,,,Y,,,,
,RECOBAT PB,,Derichebourg España S.A.U,Ingots,WARRANTABLE,,,Lead,Spain,RECO,,,Y,,,Y,,,,Y,
,RECOBAT PB985R,,Derichebourg España S.A.U,Ingots,WARRANTABLE,,,Lead,Spain,REC985,,,,Y,,,Y,,,,
,TUDOR,,"Exide Technologies, S.L.U.",Ingots,WARRANTABLE,,,Lead,Spain,TUDOR,,,Y,,,,,,,,
,BERA,,Boliden Bergsoe AB,Ingots,WARRANTABLE,,,Lead,Sweden,BERA,,,Y,,,Y,,,,,
,BOLIDEN 9997,,Boliden Mineral AB,Ingots,WARRANTABLE,,,Lead,Sweden,BO9997,,,Y,,,Y,,,,Y,
,JS PB970R,,Jian Shin Resources Corporation,Ingots,NO NEW WARRANTS CAN BE ISSUED,,,Lead,Taiwan,JSPB97,,,Y,,,,,,,,
,TMI,,Thye Ming Industrial Co Ltd,Ingots,WARRANTABLE,,,Lead,Taiwan,TMI,,,Y,,,,,,,,
,BML PB99.97,,"Bergsoe Metals Co., Ltd",Ingots,WARRANTABLE,,,Lead,Thailand,BML97,,,,,,,,,,,
,XINXIN.BML 99.994,,"Bergsoe Metals Co., Ltd.",Ingots,WARRANTABLE,,,Lead,Thailand,XINXIN,,,,,,,,,Y,,
,BLCO 9997%,,Britannia Refined Metals Ltd,Ingots,WARRANTABLE,,,Lead,UK,BLCO97,,,Y,,,,,,,,
,BLCO 9999%,,Britannia Refined Metals Ltd,Ingots,WARRANTABLE,,,Lead,UK,BLCO99,,,,,Y,,,Y,,,
,BLCO 99994%,,Britannia Refined Metals Ltd,Ingots,WARRANTABLE,,,Lead,UK,BLCO94,,,,,,,,,Y,,
,BLCO 99995%,,Britannia Refined Metals Ltd,Ingots,WARRANTABLE,,,Lead,UK,BLCO95,,,,,,,,,,,Y
,BLCO 99985,,Britannia Refined Metals Ltd,Ingots,WARRANTABLE,,,Lead,UK ,BLCO85,,,,,,,,,,,
,HJ ENTHOVEN & SONS,,H.J. Enthoven & Sons,Ingots,WARRANTABLE,,,Lead,UK,HJENTH,,,Y,,,Y,,,,Y,
,SVINETS 99.97,,"CJSC ""SVINETS""",Ingots,WARRANTABLE,,,Lead,Ukraine,SVIN97,,,Y,,,Y,,,,,
,SVINETS 99.99,,"CJSC ""SVINETS""",Ingots,WARRANTABLE,,,Lead,Ukraine,SVIN99,,,,,Y,,,Y,,,
,SANDERS,,"Sanders Lead Co., Ltd.",Ingots,WARRANTABLE,,,Lead,USA,SAND,,,Y,,,,,,,,
,REVERE,,RSR Corporation,Ingots,WARRANTABLE,,,Lead,USA,REVER,,,Y,,,,,,,,
,RSR-CLFR,,RSR Corporation,Ingots,WARRANTABLE,,,Lead,USA,RSRCLF,,,Y,,,,,,,,
,RSR-INDY,,RSR Corporation,Ingots,WARRANTABLE,,,Lead,USA,RSRIND,,,Y,,,,,,,,
,,,,,,,,Lead,Intentionally blank,,,Intentionally blank,,,,,,,,,
Australia,NYRSTAR A-Z Z1,,Nyrstar Sales & Marketing AG,Ingots,WARRANTABLE,,,Special High Grade Zinc,,NYRAZ,,,,,,,,,,,
Australia,SMC SHG 99.995,,Sun Metals Corporation Pty Ltd,Ingots,WARRANTABLE,,,Special High Grade Zinc,,SMCSHG,,,,,,,,,,,
Belgium,NYRSTAR OVERPELT Z1,,Nyrstar Sales & Marketing AG,Ingots,WARRANTABLE,,,Special High Grade Zinc,,NYROVC,,,,,,,,,,,
Brazil,VOTORANTIM JF ZINC SHG,,Nexa Recursos Minerais S.A.,Ingots,WARRANTABLE,,,Special High Grade Zinc,,VOTOJF,,,,,,,,,,,
Brazil,VOTORANTIM TM ZINC SHG,,Nexa Recursos Minerais S.A.,Ingots,WARRANTABLE,,,Special High Grade Zinc,,VOTOTM,,,,,,,,,,,
Bulgaria,KUM 99.995,,KCM AD,Ingots,WARRANTABLE,,,Special High Grade Zinc,,KUM995,,,,,,,,,,,
Canada,CEZINC SHG,,"Canadian Electrolytic Zinc Limited, On behalf of Noranda Income Limited Partnership",Ingots,WARRANTABLE,,,Special High Grade Zinc,,CEZINC,,,,,,,,,,,
Canada,TECK COMINCO CANADA SHG,,Teck Metals Ltd.,Ingots,WARRANTABLE,,,Special High Grade Zinc,,TCOMCA,,,,,,,,,,,
China,BYXY SHG,,"Hanzhong Zinc Industry Co., Ltd",Ingots,WARRANTABLE,,,Special High Grade Zinc,,BYXY,,,,,,,,,,,
China,G CI SHAN SHG,,"Sichuan Hongda Co., Ltd.",Ingots,WARRANTABLE,,,Special High Grade Zinc,,GCI,,,,,,,,,,,
China,HX SHG,,"Huludao Zinc Industry Co., Ltd.",Ingots,WARRANTABLE,,,Special High Grade Zinc,,HXSHG,,,,,,,,,,,
China,HY99.995,,"Chifeng NFC Zinc Co., Ltd.",Ingots,WARRANTABLE,,,Special High Grade Zinc,,HY,,,,,,,,,,,
China,IBIS SHG,,"Baiyin Nonferrous Group Co., Ltd.",Ingots,WARRANTABLE,,,Special High Grade Zinc,,IBISHG,,,,,,,,,,,
China,NH-SHG,,Shenzhen Zhongjin Lingnan Nonfemet Co. Ltd.,Ingots,WARRANTABLE,,,Special High Grade Zinc,,NHSHG,,,,,,,,,,,
China,TORCH III SHG,,"Zhuzhou Smelter Group Co., Ltd.",Ingots,WARRANTABLE,,,Special High Grade Zinc,,TORCHSIII,,,,,,,,,,,
China,YG SHG,,"Henan Yuguang Zinc Industry Co., Ltd.",Ingots,WARRANTABLE,,,Special High Grade Zinc,,YGSHG,,,,,,,,,,,
China,YH99.995,,"Yunnan Chihong Zinc & Germanium Co., Ltd.",Ingots,WARRANTABLE,,,Special High Grade Zinc,,YH995,,,,,,,,,,,
China,YQ99.995,,"Yunnan Chihong Zinc & Germanium Co., Ltd.",Ingots,WARRANTABLE,,,Special High Grade Zinc,,YQ995,,,,,,,,,,,
China,ZIJIN SHG,,"Bayannaoer Zijin Non-ferrous Metal Co., Ltd",Ingots,WARRANTABLE,,,Special High Grade Zinc,,ZIJIN,,,,,,,,,,,
Finland,KOKKOLA ZINC SHG,,Boliden Kokkola Oy,Ingots,WARRANTABLE,,,Special High Grade Zinc,,KOKSHG,,,,,,,,,,,
India,HZL SHG 99.995,,Hindustan Zinc Ltd.,Ingots,WARRANTABLE,,,Special High Grade Zinc,,HZL,,,,,,,,,,,
India,HZL Zn SHG 99.995,,Hindustan Zinc Ltd.,Ingots,WARRANTABLE,,,Special High Grade Zinc,,HZLZN,,,,,,,,,,,
India,VEDANTA SHG 99.995,,Hindustan Zinc Ltd.,Ingots,WARRANTABLE,,,Special High Grade Zinc,,VEDSHG,,,,,,,,,,,
India,VEDANTA Zn SHG 99.995,,Hindustan Zinc Ltd.,Ingots,WARRANTABLE,,,Special High Grade Zinc,,VEDZN,,,,,,,,,,,
Italy,NUOVA SAMIM Zn 99.995%,,Portovesme Srl,Ingots,WARRANTABLE,,,Special High Grade Zinc,,NUOVA,,,,,,,,,,,
Japan,AZC SHG,,Akita Zinc Co Ltd,Ingots,WARRANTABLE,,,Special High Grade Zinc,,AZCSHG,,,,,,,,,,,
Japan,EMC-H SHG,,Mitsui Mining & Smelting Co Ltd,Ingots,WARRANTABLE,,,Special High Grade Zinc,,EMCHZN,,,,,,,,,,,
Japan,EMC-K SHG,,Mitsui Mining & Smelting Co Ltd,Ingots,WARRANTABLE,,,Special High Grade Zinc,,EMCKZN,,,,,,,,,,,
Japan,HSC-SHG,,Mitsui Mining & Smelting Co Ltd,Ingots,WARRANTABLE,,,Special High Grade Zinc,,HSCSHG,,,,,,,,,,,
Japan,TOHO SHG,,Toho Zinc Co Ltd,Ingots,WARRANTABLE,,,Special High Grade Zinc,,TOHOSH,,,,,,,,,,,
Korea (South),KZ-SHG 99.995,,Korea Zinc Co Ltd,Ingots,WARRANTABLE,,,Special High Grade Zinc,,KZSHG,,,,,,,,,,,
Korea (South),YP-SHG,,Young Poong Corporation,Ingots,WARRANTABLE,,,Special High Grade Zinc,,YPSHGB,,,,,,,,,,,
Mexico,IMM SLP SHG99995,,"Industrial Minera Mexico, S.A. de C.V.",Ingots,WARRANTABLE,,,Special High Grade Zinc,,IMMSHG,,,,,,,,,,,
Mexico,PENOLES SHG,,Metalurgica Met-Mex Penoles SA de CV,Ingots,WARRANTABLE,,,Special High Grade Zinc,,PENSHG,,,,,,,,,,,
Nambia,SZ SHG,,Namzinc (Proprietary) Ltd,Ingots,NO NEW WARRANTS CAN BE ISSUED,,,Special High Grade Zinc,,SZSHG,,,,,,,,,,,
Netherlands,NYRSTAR NL Z1,,Nyrstar Sales & Marketing AG,Ingots,WARRANTABLE,,,Special High Grade Zinc,,NYRSNL,,,,,,,,,,,
Norway,NORZINK MADE IN NORWAY SHG,,Boliden Odda AS,Ingots,WARRANTABLE,,,Special High Grade Zinc,,NORSHG,,,,,,,,,,,
Peru,VOTORANTIM CJ ZINC SHG,,Nexa Resources Cajamarquilla S.A.,Ingots,WARRANTABLE,,,Special High Grade Zinc,,VOTORA,,,,,,,,,,,
Poland,HCM SHG 99.995,,"Huta Cynku ""Miasteczko Slaskie"" S.A.",Ingots,WARRANTABLE,,,Special High Grade Zinc,,HCMSHG,,,,,,,,,,,
Poland,ZGH Z1,,Zaklady Gorniczo-Hutnicze “Boleslaw”,Ingots,WARRANTABLE,,,Special High Grade Zinc,,ZGH,,,,,,,,,,,
Russia,CZP SHG,,Joint Stock Company Chelyabinsk Zinc Plant,Ingots,WARRANTABLE,,See Notice 22/239 for restrictions on the warranting of this brand.,Special High Grade Zinc,,CZPSHG,,,,,,,,,,,
Spain,ASTUZINC ELECTRO 99.995%,,Asturiana de Zinc S.A.U.,Ingots,WARRANTABLE,,,Special High Grade Zinc,,ASTU95,,,,,,,,,,,
USA,NYRSTAR CLARKSVILLE Z1,,Nyrstar Sales & Marketing AG,Ingots,WARRANTABLE,,,Special High Grade Zinc,,NYRCZ,,,,,,,,,,,
Intentionally blank,,,,,,,,Special High Grade Zinc,,,,,,,,,,,,,
Belgium,M,,Aurubis Beerse NV,Ingots,WARRANTABLE,,,Tin,,MSN,,,,,,,,,,,
Bolivia,ENAF,,Empresa Metalurgica Vinto,Ingots,WARRANTABLE,,,Tin,,ENAF,,,,,,,,,,,
Brazil,MAMORE,,Mineracao Taboca SA,Ingots,WARRANTABLE,,,Tin,,MAMORE,,,,,,,,,,,
Brazil,WHITE SOLDER BR,,White Solder Metalurgia e Mineracao LTDA,Ingots,WARRANTABLE,,,Tin,,WTSOBR,,,,,,,,,,,
China,JH,,China Tin Smelter Co. Ltd.,Ingots,WARRANTABLE,,,Tin,,JH,,,,,,,,,,,
China,YS,,"Gejiu Zili Mining and Smelting Co., Ltd.",Ingots,WARRANTABLE,,,Tin,,YS,,,,,,,,,,,
China,YT,,Yunnan Tin Company Limited,Ingots,WARRANTABLE,,,Tin,,YTSN,,,,,,,,,,,
China,YUNHENG,,"Yunnan Chengfeng Non-Ferrous Metals Co., Ltd.",Ingots,WARRANTABLE,,,Tin,,YUNHEN,,,,,,,,,,,
China,YUNXIANG,,"Gejiu Kaimeng Industry and Trade Co., Ltd",Ingots,WARRANTABLE,,,Tin,,YUNXIA,,,,,,,,,,,
China,YINSHENG,,Gejiu Jinye Renewable Technology Co Ltd,Ingots,WARRANTABLE,,,Tin,,YINSHE,,,,,,,,,,,
Indonesia ,BANKA,,PT Timah Tbk.,Ingots,WARRANTABLE,,,Tin,,BANKA,,,,,,,,,,,
Indonesia ,IMLI,,PT. Bukit Timah,Ingots,WARRANTABLE,,,Tin,,IMLI,,,,,,,,,,,
Indonesia ,IMLI BELITUNG,,PT. Babel Inti Perkasa,Ingots,WARRANTABLE,,,Tin,,IMLIB,,,,,,,,,,,
Indonesia ,KUNDUR,,PT Timah Tbk.,Ingots,WARRANTABLE,,,Tin,,KUNDUR,,,,,,,,,,,
Indonesia ,MENTOK,,PT Timah Tbk.,Ingots,WARRANTABLE,,,Tin,,MENTOK,,,,,,,,,,,
Indonesia ,MSP,,PT. Mitra Stania Prima,Ingots,NO NEW WARRANTS CAN BE ISSUED,,,Tin,,MSP,,,,,,,,,,,
Indonesia ,RBT,,PT. Refined Bangka Tin,Ingots,WARRANTABLE,,Produced on or after 20/08/2016,Tin,,RBTSN,,,,,,,,,,,
Indonesia ,TININDO,,PT. Tinindo Inter Nusa,Ingots,WARRANTABLE,,,Tin,,TININD,,,,,,,,,,,
Indonesia ,PTU,,PT. Prima Timah Utama,Ingots,WARRANTABLE,,,Tin,,PTU,,,,,,,,,,,
Malaysia,MALAYSIA SMELTING CORPORATION,,Malaysia Smelting Corporation Bhd.,Ingots,WARRANTABLE,,,Tin,,MALAYS,,,,,,,,,,,
Malaysia,MALAYSIA SMELTING CORPORATION STRAITS REFINED TIN,,Malaysia Smelting Corporation Bhd.,Ingots,WARRANTABLE,,Produced on or after 28/09/2020,Tin,,MSCSRT,,,,,,,,,,,
Thailand,PHUKET,,Thailand Smelting & Refining Co Ltd,Ingots,WARRANTABLE,,,Tin,,PHUKET,,,,,,,,,,,
Thailand,THAISARCO,,Thailand Smelting & Refining Co Ltd,Ingots,WARRANTABLE,,,Tin,,THAISA,,,,,,,,,,,
Intentionally blank,,,,,,,,Tin,,,,,,,,,,,,,
Australia,BHP BILLITON NICKEL BRIQUETTES,,BHP Billiton Nickel West Pty Ltd,"Briquettes,Bagged briquettes",NEW WARRANTS CANNOT BE ISSUED FROM THE DEFINED DATE,2022-11-23,,Primary Nickel,,BHP,,,,,,,,,,,
Australia,BHP NICKEL BRIQUETTES,,BHP Nickel West Pty Ltd,Bagged briquettes,WARRANTABLE,,,Primary Nickel,,BHPNB,,,,,,,,,,,
Australia,MINARA HIGH GRADE NICKEL BRIQUETTES,,Minara Resources Pty Ltd,"Briquettes,Bagged briquettes",WARRANTABLE,,,Primary Nickel,,MINARA,,,,,,,,,,,
Brazil,TOCANTINS,,Votorantim Metais S.A.,"Cut cathodes,Full plate cathodes",NO NEW WARRANTS CAN BE ISSUED,,,Primary Nickel,,TOCANT,,,,,,,,,,,
Canada,SHERRITT NICKEL BRIQUETTES,,The Cobalt Refinery Company Inc,"Briquettes,Bagged briquettes",WARRANTABLE,,,Primary Nickel,,SHERRI,,,,,,,,,,,
Canada,VALE MELT ROUNDS,,Vale Canada Limited,Rounds bagged,WARRANTABLE,,,Primary Nickel,,VLMR,,,,,,,,,,,
Canada,VALE NICKEL PELLETS,,Vale Canada Limited,"Pellets,Bagged pellets",WARRANTABLE,,,Primary Nickel,,VALPC,,,,,,,,,,,
Canada,VALE PLATING ROUNDS,,Vale Canada Limited,Rounds bagged,WARRANTABLE,,,Primary Nickel,,VLPR ,,,,,,,,,,,
China,CASH,,"Yantai Cash Industrial Co., Ltd.",Full plate cathodes,WARRANTABLE,,,Primary Nickel,,CASHNI,,,,,,,,,,,
China,JINTUO GRADE 1,,"Jinchuan Group Co., Ltd.","Cut cathodes,Full plate cathodes",WARRANTABLE,,,Primary Nickel,,JINTUO,,,,,,,,,,,
Finland,NORILSK NICKEL HARJAVALTA CATHODES,,Norilsk Nickel Harjavalta Oy,"Cut cathodes,Full plate cathodes",WARRANTABLE,,,Primary Nickel,,NORIL,,,,,,,,,,,
Finland,NORILSK NICKEL HARJAVALTA BRIQUETTES,,Norilsk Nickel Harjavalta Oy,Briquettes,WARRANTABLE,,,Primary Nickel,,NORILB,,,,,,,,,,,
France,NICKEL HP,,Sibanye-Stillwater Sandouville Refinery,"Cut cathodes,Full plate cathodes",WARRANTABLE,,,Primary Nickel,,NICKHP,,,,,,,,,,,
Japan,SUMITOMO METAL MINING CO. LTD,,"Sumitomo Metal Mining Co., Ltd.",Cut cathodes,WARRANTABLE,,,Primary Nickel,,SUMMET,,,,,,,,,,,
Japan,SMM,,"Sumitomo Metal Mining Co., Ltd.",Full plate cathodes,WARRANTABLE,,,Primary Nickel,,SMM,,,,,,,,,,,
Madagascar,AMBATOVY NICKEL BRIQUETTES,,"Dynatec Madagascar S.A. a ""société anonyme""","Briquettes,Bagged briquettes",WARRANTABLE,,,Primary Nickel,,AMBATO,,,,,,,,,,,
Norway,NIKKELVERK NICKEL,,Glencore Nikkelverk AS,"Cut cathodes,Full plate cathodes",WARRANTABLE,,,Primary Nickel,,NIKKN,,,,,,,,,,,
Russia,NORNICKEL,,"JSC ""Kola GMK""",Full plate cathodes,WARRANTABLE,,,Primary Nickel,,NORNI,,,,,,,,,,,
Russia,SEVERONICKEL COMBINE H-1,,"JSC ""Kola GMK""","Cut cathodes,Full plate cathodes",WARRANTABLE,,,Primary Nickel,,SEVH1,,,,,,,,,,,
Russia,SEVERONICKEL COMBINE H-1Y,,"JSC ""Kola GMK""","Cut cathodes,Full plate cathodes",WARRANTABLE,,,Primary Nickel,,SEVH1Y,,,,,,,,,,,
South Africa,IMPALA NICKEL,,Impala Platinum Ltd,Briquettes,WARRANTABLE,,,Primary Nickel,,IMPALA,,,,,,,,,,,
South Africa,RPM NICKEL,,Rustenburg Platinum Mines Limited,"Full plate cathodes,Cut cathodes",WARRANTABLE,,,Primary Nickel,,RPM,,,,,,,,,,,
UK,VALE NICKEL PELLETS,,Vale Canada Limited produced by Vale Europe Limited,"Pellets,Bagged pellets",WARRANTABLE,,,Primary Nickel,,VALPW,,,,,,,,,,,
Zimbabwe,BCL EMPRESS,,RioZim Limited,"Cut cathodes,Full plate cathodes",NO NEW WARRANTS CAN BE ISSUED,,,Primary Nickel,,BCLEMP,,,,,,,,,,,
Intentionally blank,,,,,,,,Primary Nickel,,,,,,,,,,,,,
Argentina,ALUAR,,Aluar Aluminio Argentino SAIC,"Ingots,T-bars",WARRANTABLE,,,High Grade Primary Aluminium,,ALUAR,,,,,,,,,,,
Australia,BBY,,Rio Tinto Aluminium (Bell Bay) Limited,"Ingots,T-bars",WARRANTABLE,,,High Grade Primary Aluminium,,BBY,,,,,,,,,,,
Australia,BSL,,Boyne Smelters Ltd,"Ingots,T-bars",WARRANTABLE,,,High Grade Primary Aluminium,,BSL,,,,,,,,,,,
Australia,PORTLAND,,Alcoa Portland Aluminium Pty Ltd,Ingots,WARRANTABLE,,,High Grade Primary Aluminium,,PORTLA,,,,,,,,,,,
Australia,TOMAGO,,Tomago Aluminium Co Pty Ltd,"Ingots,T-bars",WARRANTABLE,,,High Grade Primary Aluminium,,TOMAGO,,,,,,,,,,,
Bahrain,ALBA,,Aluminium Bahrain BSC (c),"Ingots,Sows,T-bars",WARRANTABLE,,,High Grade Primary Aluminium,,ALBA,,,,,,,,,,,
Brazil ,ALBRAS,,Albras Aluminio Brasileiro SA,Ingots,WARRANTABLE,,,High Grade Primary Aluminium,,ALBRAS,,,,,,,,,,,
Brazil ,ALCOA BRASIL,,Alcoa Aluminio SA,Ingots,NO NEW WARRANTS CAN BE ISSUED,,,High Grade Primary Aluminium,,ALCOBR,,,,,,,,,,,
Brazil ,CBA,,Companhia Brasileira de Aluminio,Ingots,WARRANTABLE,,,High Grade Primary Aluminium,,CBA,,,,,,,,,,,
Brazil ,SAO LUIS,,Alcoa Aluminio SA,"Ingots,Sows",NO NEW WARRANTS CAN BE ISSUED,,,High Grade Primary Aluminium,,SAOALC,,,,,,,,,,,
Brazil ,SAO LUIS,,BHP Billiton Metais SA,"Ingots,Sows",NO NEW WARRANTS CAN BE ISSUED,,,High Grade Primary Aluminium,,SAOBIL,,,,,,,,,,,
Cameroon,ALUCAM,,Alucam,"Ingots,T-bars",WARRANTABLE,,,High Grade Primary Aluminium,,ALUCAM,,,,,,,,,,,
Canada,AAR,,Rio Tinto Alcan Inc.,Sows,WARRANTABLE,,,High Grade Primary Aluminium,,AAR,,,,,,,,,,,
Canada,ABCQ,,Alcoa Corporation,"Sows,T-bars",WARRANTABLE,,,High Grade Primary Aluminium,,ABCQ,,,,,,,,,,,
Canada,ABI,,Aluminerie de Becancour Inc.,T-bars,WARRANTABLE,,,High Grade Primary Aluminium,,ABI,,,,,,,,,,,
Canada,ALMA,,Rio Tinto Alcan Inc.,"Sows,T-bars",WARRANTABLE,,,High Grade Primary Aluminium,,ALMA,,,,,,,,,,,
Canada,ALOUETTE,,Aluminerie Alouette Inc.,"Ingots,Sows",WARRANTABLE,,,High Grade Primary Aluminium,,ALOUET,,,,,,,,,,,
Canada,DESCHAMBAULT,,Alcoa Corporation,T-bars,WARRANTABLE,,,High Grade Primary Aluminium,,DESCHA,,,,,,,,,,,
Canada,GBAIE,,Rio Tinto Alcan Inc.,Sows,WARRANTABLE,,,High Grade Primary Aluminium,,GBAIE,,,,,,,,,,,
Canada,KIT,,Rio Tinto Alcan Inc.,"Ingots,Sows",WARRANTABLE,,,High Grade Primary Aluminium,,KIT,,,,,,,,,,,
Canada,LAT,,Rio Tinto Alcan Inc.,T-bars,WARRANTABLE,,,High Grade Primary Aluminium,,LAT,,,,,,,,,,,
Canada,PLS,,Rio Tinto Alcan Inc.,Ingots,WARRANTABLE,,,High Grade Primary Aluminium,,PLS,,,,,,,,,,,
China,AST,,"Sichuan Guangyuan Aostar Aluminium Co., Ltd.",Ingots,NO NEW WARRANTS CAN BE ISSUED,,,High Grade Primary Aluminium,,AST,,,,,,,,,,,
China,BTL,,Baotou Aluminium (Group) Co. Ltd,Ingots,WARRANTABLE,,,High Grade Primary Aluminium,,BTL,,,,,,,,,,,
China,G*L,,"Aluminium Corporation of China Ltd, CHALCO",Ingots,NO NEW WARRANTS CAN BE ISSUED,,,High Grade Primary Aluminium,,GL,,,,,,,,,,,
China,LL2,,"Aluminium Corporation of China Ltd, CHALCO",Ingots,WARRANTABLE,,,High Grade Primary Aluminium,,LLTWO,,,,,,,,,,,
China,LLL,,"Lanzhou Liancheng Aluminium Industrial Co., Ltd",Ingots,WARRANTABLE,,,High Grade Primary Aluminium,,LLL,,,,,,,,,,,
China,QHAS,,"Aluminium Corporation of China Ltd, CHALCO",Ingots,WARRANTABLE,,,High Grade Primary Aluminium,,QHAS,,,,,,,,,,,
China,QTX ND,,Qingtongxia Aluminium Holding Co Ltd,Ingots,WARRANTABLE,,,High Grade Primary Aluminium,,QTXND,,,,,,,,,,,
China,QTX,,Qingtongxia Aluminium Holding Co Ltd,Ingots,WARRANTABLE,,,High Grade Primary Aluminium,,QTX,,,,,,,,,,,
China,RG,,"Henan Shenhuo Coal & Power Co., Ltd",Ingots,NO NEW WARRANTS CAN BE ISSUED,,,High Grade Primary Aluminium,,RG,,,,,,,,,,,
China,WF,,Jiaozuo Wanfang Aluminium Manufacturing Co. Ltd,Ingots,NO NEW WARRANTS CAN BE ISSUED,,,High Grade Primary Aluminium,,WFAH,,,,,,,,,,,
China,YL YL,,Yunnan Aluminium Co. Ltd,Ingots,WARRANTABLE,,,High Grade Primary Aluminium,,YL YL,,,,,,,,,,,
Egypt,EGYPTALUM,,The Aluminium Company of Egypt,"Ingots,T-bars",WARRANTABLE,,,High Grade Primary Aluminium,,EGYPTA,,,,,,,,,,,
France,AD,,Aluminium Dunkerque,"Ingots,Sows,T-bars",WARRANTABLE,,,High Grade Primary Aluminium,,AD,,,,,,,,,,,
France,TASJ,,Trimet France,"Ingots,T-bars",WARRANTABLE,,,High Grade Primary Aluminium,,TASJ,,,,,,,,,,,
Germany,TAE,,TRIMET Aluminium SE,"Ingots,Sows,T-bars",WARRANTABLE,,,High Grade Primary Aluminium,,TAE,,,,,,,,,,,
Germany,TAHH,,TRIMET Aluminium SE,Sows,WARRANTABLE,,,High Grade Primary Aluminium,,TAHH,,,,,,,,,,,
Greece,AoG,,Mytilineos S.A.,T-bars,WARRANTABLE,,,High Grade Primary Aluminium,,AOG,,,,,,,,,,,
Iceland,AFJA,,Alcoa Corporation,"Sows,T-bars",WARRANTABLE,,,High Grade Primary Aluminium,,AFJA,,,,,,,,,,,
Iceland,ISAL,,Alcan Iceland Ltd.,"Sows,T-bars",WARRANTABLE,,,High Grade Primary Aluminium,,ISAL,,,,,,,,,,,
Iceland,NA NA,,Nordural - Grundartangi ehf.,Ingots,WARRANTABLE,,,High Grade Primary Aluminium,,NANAAL,,,,,,,,,,,
India,BHARATAL,,Bharat Aluminium Co. Ltd.,"Ingots,Sows,T-bars",WARRANTABLE,,,High Grade Primary Aluminium,,BHAR,,,,,,,,,,,
India,HINDALCO AD,,Hindalco Industries Limited,"Ingots,Sows",WARRANTABLE,,,High Grade Primary Aluminium,,HINDAD,,,,,,,,,,,
India,HINDALCO HK,,Hindalco Industries Limited,Ingots,WARRANTABLE,,,High Grade Primary Aluminium,,HINHK,,,,,,,,,,,
India,HINDALCO MH,,Hindalco Industries Limited,"Ingots,Sows",WARRANTABLE,,,High Grade Primary Aluminium,,HINDMH,,,,,,,,,,,
India,HINDALCO,,Hindalco Industries Limited,Ingots,WARRANTABLE,,,High Grade Primary Aluminium,,HINDAL,,,,,,,,,,,
India,NALCO,,National Aluminium Co Ltd,"Ingots,Sows,T-bars",WARRANTABLE,,,High Grade Primary Aluminium,,NALCO,,,,,,,,,,,
India,VEDANTA,,Vedanta Limited,"Ingots,Sows",WARRANTABLE,,,High Grade Primary Aluminium,,VEDANT,,,,,,,,,,,
India,VEDANTAL,,Vedanta Limited,"Ingots,T-bars",WARRANTABLE,,,High Grade Primary Aluminium,,VEDAL,,,,,,,,,,,
Indonesia,INAL,,PT Indonesia Asahan Aluminium (Persero),Ingots,WARRANTABLE,,,High Grade Primary Aluminium,,INAL,,,,,,,,,,,
Iran,IRALCO,,Iranian Aluminium Co,"Ingots,Sows,T-bars",NO NEW WARRANTS CAN BE ISSUED,,,High Grade Primary Aluminium,,IRALCO,,,,,,,,,,,
Kazakhstan,KAS,,"""Kazakhstan Aluminium Smelter"" JSC",Ingots,WARRANTABLE,,,High Grade Primary Aluminium,,KAS,,,,,,,,,,,
Malaysia,PMB,,Press Metal Bintulu Sdn Bhd,Ingots,WARRANTABLE,,,High Grade Primary Aluminium,,PMB,,,,,,,,,,,
Malaysia,PMS,,Press Metal Sarawak Sdn. Bhd.,Ingots,NO NEW WARRANTS CAN BE ISSUED,,,High Grade Primary Aluminium,,PMS,,,,,,,,,,,
Montenegro,KAP,,Kombinat Aluminijuma Podgorica,T-bars,WARRANTABLE,,,High Grade Primary Aluminium,,KAP,,,,,,,,,,,
Mozambique,MOZAL,,Mozal S.A.R.L,Ingots,WARRANTABLE,,,High Grade Primary Aluminium,,MOZAL,,,,,,,,,,,
Netherlands,DELFZIJL,,DAMCO Aluminium Delfzijl Coöperatie U.A.,T-bars,NO NEW WARRANTS CAN BE ISSUED,,,High Grade Primary Aluminium,,DELFZI,,,,,,,,,,,
New Zealand,NZAS,,New Zealand Aluminium Smelters Ltd,"Ingots,T-bars",WARRANTABLE,,,High Grade Primary Aluminium,,NZAS,,,,,,,,,,,
Norway,EAM,,Alcoa Norway ANS,"Ingots,T-bars",WARRANTABLE,,,High Grade Primary Aluminium,,EAM,,,,,,,,,,,
Norway,HYDRO A,,Hydro Aluminium AS (Ardal),"Ingots,T-bars",WARRANTABLE,,,High Grade Primary Aluminium,,HYDRAR,,,,,,,,,,,
Norway,HYDRO H,,Hydro Aluminium AS (Hoyanger),T-bars,WARRANTABLE,,,High Grade Primary Aluminium,,HYDRHO,,,,,,,,,,,
Norway,HYDRO K,,Hydro Aluminium AS (Karmoy),T-bars,WARRANTABLE,,,High Grade Primary Aluminium,,HYDRKA,,,,,,,,,,,
Norway,HYDRO S,,Hydro Aluminium AS (Sunndalsora),"Ingots,T-bars",WARRANTABLE,,,High Grade Primary Aluminium,,HYDRSU,,,,,,,,,,,
Norway,SOERAL,,Hydro Aluminium AS,T-bars,WARRANTABLE,,,High Grade Primary Aluminium,,SOERAL,,,,,,,,,,,
Oman,SOHAR,,Sohar Aluminium Company LLC,"Ingots,Sows",WARRANTABLE,,,High Grade Primary Aluminium,,SOHAR,,,,,,,,,,,
Qatar,QATALUM,,Qatar Aluminium Limited (Q.S.C.),Ingots,WARRANTABLE,,,High Grade Primary Aluminium,,QATALU,,,,,,,,,,,
Romania,ALRO,,S.C. Alro S.A.,Ingots,WARRANTABLE,,,High Grade Primary Aluminium,,ALRO,,,,,,,,,,,
Russia,BOAZ,,JSC Boguchany Aluminium Smelter,"Ingots,Sows",WARRANTABLE,,,High Grade Primary Aluminium,,BOAZ,,,,,,,,,,,
Russia,KAZ SUAL,,United Company RUSAL Kandalaksha Aluminium Smelter,T-bars,WARRANTABLE,,,High Grade Primary Aluminium,,KAZS,,,,,,,,,,,
Russia,NAZ SUAL,,Nadvoitsky Aluminium Plant of Siberian-Urals Aluminium Smelter,"Ingots,T-bars",NO NEW WARRANTS CAN BE ISSUED,,,High Grade Primary Aluminium,,NAZS,,,,,,,,,,,
Russia,RUSAL B,,"Public Joint Stock Company ""RUSAL Bratsk Aluminium Smelter""","Ingots,T-bars",WARRANTABLE,,,High Grade Primary Aluminium,,RUSALB,,,,,,,,,,,
Russia,RUSAL I,,Affiliate of PJSC “RUSAL Bratsk” in Shelekhov,Ingots,WARRANTABLE,,,High Grade Primary Aluminium,,RUSALI,,,,,,,,,,,
Russia,RUSAL K,,"Joint Stock Company ""RUSAL Krasnoyarsk Aluminium Smelter""","Ingots,T-bars",WARRANTABLE,,,High Grade Primary Aluminium,,RUSALK,,,,,,,,,,,
Russia,RUSAL KH,,"Joint Stock Company ""RUSAL Sayanogorsk Aluminium Smelter""","Ingots,Sows,T-bars",WARRANTABLE,,,High Grade Primary Aluminium,,RUSKH,,,,,,,,,,,
Russia,RUSAL N,,"Joint Stock Company ""RUSAL Novokuznetsk Aluminium Smelter""","Ingots,T-bars",WARRANTABLE,,,High Grade Primary Aluminium,,RUSALN,,,,,,,,,,,
Russia,RUSAL S,,"Joint Stock Company ""RUSAL Sayanogorsk Aluminium Smelter""","Ingots,T-bars",WARRANTABLE,,,High Grade Primary Aluminium,,RUSALS,,,,,,,,,,,
Russia,RUSAL VG,,United Company RUSAL Volgograd Aluminium Smelter,Ingots,WARRANTABLE,,,High Grade Primary Aluminium,,RUSVG,,,,,,,,,,,
Saudi Arabia,YALMA,,Ma'aden Aluminium Company,"Ingots,T-bars",WARRANTABLE,,,High Grade Primary Aluminium,,YALMA,,,,,,,,,,,
Slovakia,SLOVALCO,,Slovalco a.s.,T-bars,WARRANTABLE,,,High Grade Primary Aluminium,,SLOVAL,,,,,,,,,,,
South Africa,HILLSIDE,,Hillside Aluminium,"Ingots,T-bars",WARRANTABLE,,,High Grade Primary Aluminium,,HILL,,,,,,,,,,,
Spain,ALCOA INESPAL AV,,Alcoa Inespal Aviles S.L.,"Ingots,Sows,T-bars",NO NEW WARRANTS CAN BE ISSUED,,,High Grade Primary Aluminium,,ALCO,,,,,,,,,,,
Spain,ALCOA-SC,,Alcoa Corporation,T-bars,WARRANTABLE,,,High Grade Primary Aluminium,,ALCSC,,,,,,,,,,,
UAE,DUBAL,,EGA Emirates Global Aluminium,"Ingots,Sows",WARRANTABLE,,,High Grade Primary Aluminium,,DUBAL,,,,,,,,,,,
UAE,EMAL,,EGA Emirates Global Aluminium,"Ingots,Sows,T-bars",WARRANTABLE,,,High Grade Primary Aluminium,,EMAL,,,,,,,,,,,
UK,LIBERTY BA,,Alvance British Aluminium Ltd.,Sows,WARRANTABLE,,,High Grade Primary Aluminium,,LIBBA,,,,,,,,,,,
USA,ALCOA,,Alcoa Corporation,Sows,WARRANTABLE,,Please refer to Notice 13 374,High Grade Primary Aluminium,,ALCOUS,,,,,,,,,,,
USA,CENTURY,,"Century Aluminum of Kentucky, G.P.",Sows,WARRANTABLE,,,High Grade Primary Aluminium,,CENT,,,,,,,,,,,
USA,INTALCO,,Alcoa Corporation,"Ingots,T-bars",NO NEW WARRANTS CAN BE ISSUED,,,High Grade Primary Aluminium,,INTALC,,,,,,,,,,,
USA,ME ALCOA,,"Alcoa, Inc.",Sows,NO NEW WARRANTS CAN BE ISSUED,,,High Grade Primary Aluminium,,MEAL,,,,,,,,,,,
USA,MT HOLLY,,Century Aluminum of South Carolina Inc.,"Ingots,T-bars",WARRANTABLE,,,High Grade Primary Aluminium,,MTHOLL,,,,,,,,,,,
USA,SEB,,Century Aluminum Sebree LLC,Sows,WARRANTABLE,,,High Grade Primary Aluminium,,SEB,,,,,,,,,,,
USA,WAR ALCOA,,Alcoa Corporation,Sows,WARRANTABLE,,,High Grade Primary Aluminium,,WAR,,,,,,,,,,,
USA,WE ALCOA,,"Alcoa, Inc.",Sows,NO NEW WARRANTS CAN BE ISSUED,,,High Grade Primary Aluminium,,WEAL,,,,,,,,,,,
Venezuela,VENALUM,,CVG Industria Venezolana de Aluminio CA,"Ingots,Sows",NO NEW WARRANTS CAN BE ISSUED,,,High Grade Primary Aluminium,,VENALU,,,,,,,,,,,
Intentionally blank,,,,,,,,High Grade Primary Aluminium,,,,,,,,,,,,,
Australia,PORTLAND,PORTAA,Alcoa Portland Aluminium Pty Ltd,Ingots,WARRANTABLE,,,Aluminium Alloy,,,,,,,,,,,,,
Australia,TOMAGO,TOMGAA,Tomago Aluminium Co Pty Ltd,Ingots,WARRANTABLE,,,Aluminium Alloy,,,,,,,,,,,,,
Canada,WABASH M,WAM,Real Alloy Canada Ltd.,"Ingots,Small sows",WARRANTABLE,,,Aluminium Alloy,,,,,,,,,,,,,
China,YECHIU TC,YETC,Ye Chiu Metal Recycling (China) Ltd.,Ingots,WARRANTABLE,,,Aluminium Alloy,,,,,,,,,,,,,
China,ZSM,ZSM,Zhangzhou Sigma Metals Inc.,Ingots,NO NEW WARRANTS CAN BE ISSUED,,,Aluminium Alloy,,,,,,,,,,,,,
Finland,K,K,Kuusakoski Oy,Ingots,WARRANTABLE,,,Aluminium Alloy,,,,,,,,,,,,,
France,REFINAL,REFINA,Refinal Industries SA,Ingots,WARRANTABLE,,,Aluminium Alloy,,,,,,,,,,,,,
Germany,MW,MW,TRIMET Aluminium SE,Ingots,WARRANTABLE,,,Aluminium Alloy,,,,,,,,,,,,,
Germany,OE,OE,Oetinger Aluminium NU GmbH,Ingots,WARRANTABLE,,,Aluminium Alloy,,,,,,,,,,,,,
Germany,TAG,TAG,TRIMET Aluminium SE,Ingots,WARRANTABLE,,,Aluminium Alloy,,,,,,,,,,,,,
Germany,VAWICC,VAWICA,Real Alloy (Germany) GbmH,Ingots,WARRANTABLE,,,Aluminium Alloy,,,,,,,,,,,,,
Germany,VAW-IMCO E,VAEAA,Real Alloy (Germany) GbmH,Ingots,WARRANTABLE,,,Aluminium Alloy,,,,,,,,,,,,,
Germany,VAW-IMCO Innwerk,VAWIAA,Real Alloy (Germany) GbmH,"Ingots,Large sows",WARRANTABLE,,,Aluminium Alloy,,,,,,,,,,,,,
Indonesia,HP,HP,P.T. H.P. Metals Indonesia,Ingots,WARRANTABLE,,,Aluminium Alloy,,,,,,,,,,,,,
Italy,FECS,FECSAA,FECS Partecipazioni S.p.A.,Ingots,WARRANTABLE,,,Aluminium Alloy,,,,,,,,,,,,,
Italy,R.M.,RM,Raffmetal S.p.A.,Ingots,WARRANTABLE,,,Aluminium Alloy,,,,,,,,,,,,,
Italy,SACAL,SACAL,Sacal Societa Alluminio Carisio S.p.A.,Ingots,WARRANTABLE,,,Aluminium Alloy,,,,,,,,,,,,,
Italy,VM,VMAA,Intals S.p.A.,Ingots,WARRANTABLE,,Produced after 21/08/2013,Aluminium Alloy,,,,,,,,,,,,,
Japan,AHRESTY,AHREST,Ahresty Corporation,Ingots,WARRANTABLE,,,Aluminium Alloy,,,,,,,,,,,,,
Malaysia,DIKM,DIKMAA,Daiki Aluminium Industry (Malaysia) Sdn. Bhd.,Ingots,NO NEW WARRANTS CAN BE ISSUED,,,Aluminium Alloy,,,,,,,,,,,,,
Malaysia,YE CHIU,YECHIU,Ye Chiu Metal Smelting Sdn. Bhd.,Ingots,WARRANTABLE,,,Aluminium Alloy,,,,,,,,,,,,,
Mexico,WABASH V,WAVA,Real Alloy Mexico S. DE R.L. DE C.V.,Ingots,WARRANTABLE,,,Aluminium Alloy,,,,,,,,,,,,,
Nigeria,SUPER,SUPER,Sun Metal Industries Ltd,Ingots,WARRANTABLE,,,Aluminium Alloy,,,,,,,,,,,,,
Russia,BMC,BMC,Russian Aluminium Alloys Ltd.,"Ingots,Large sows",NO NEW WARRANTS CAN BE ISSUED,,,Aluminium Alloy,,,,,,,,,,,,,
Russia,MK MBC,MKMBC,"""Mordovvtorsiryo"" LLC",Ingots,NO NEW WARRANTS CAN BE ISSUED,,,Aluminium Alloy,,,,,,,,,,,,,
Russia,PTM,PTM,Permtsvetmet JSC,"Ingots,Large sows",WARRANTABLE,,,Aluminium Alloy,,,,,,,,,,,,,
Russia,RUSAL B,RUSBAA,"Public Joint Stock Company ""RUSAL Bratsk Aluminium Smelter""","Ingots,T-bars",WARRANTABLE,,,Aluminium Alloy,,,,,,,,,,,,,
Russia,S,SAA,"SEAL & Co., Ltd","Ingots,Large sows",WARRANTABLE,,,Aluminium Alloy,,,,,,,,,,,,,
Spain,ALCASA,ALCAS,"Befesa Aluminio, S.L.",Ingots,WARRANTABLE,,,Aluminium Alloy,,,,,,,,,,,,,
Spain,ALUSIGMA,ALSUSAA,Alusigma S.A.,Ingots,WARRANTABLE,,,Aluminium Alloy,,,,,,,,,,,,,
Spain,LA ESTRELLA,LAEST,"Aluminio La Estrella, S.L.U.",Ingots,WARRANTABLE,,,Aluminium Alloy,,,,,,,,,,,,,
Spain,REFIAL,REFIAA,Refineria De Aluminio S.L,Ingots,WARRANTABLE,,,Aluminium Alloy,,,,,,,,,,,,,
Spain,REMETAL,REMETA,"Befesa Aluminio, S.L.",Ingots,WARRANTABLE,,,Aluminium Alloy,,,,,,,,,,,,,
Sweden,STENA A,STENAA,Stena Aluminium AB,Ingots,WARRANTABLE,,,Aluminium Alloy,,,,,,,,,,,,,
Taiwan,CC,CCAA,"Charng Chyi Aluminum Co., Ltd.",Ingots,WARRANTABLE,,,Aluminium Alloy,,,,,,,,,,,,,
Taiwan,SBI,SBI,Sigma Brothers Inc.,Ingots,WARRANTABLE,,,Aluminium Alloy,,,,,,,,,,,,,
Thailand,DIK,DIK,"Daiki Aluminium Industry (Thailand) Co., Ltd.",Ingots,NO NEW WARRANTS CAN BE ISSUED,,,Aluminium Alloy,,,,,,,,,,,,,
Ukraine,MZ,MZ,Mekhanicheskiy Zavod Ltd,Ingots,NO NEW WARRANTS CAN BE ISSUED,,,Aluminium Alloy,,,,,,,,,,,,,
Ukraine,URV,URV,"""TPK Ukrsplav "" Ltd",Ingots,NO NEW WARRANTS CAN BE ISSUED,,,Aluminium Alloy,,,,,,,,,,,,,
UK,CAL,CAL,Coleshill Aluminium Ltd,Ingots,WARRANTABLE,,,Aluminium Alloy,,,,,,,,,,,,,
UK,JBMI,JBMI,JBM International Ltd,Ingots,WARRANTABLE,,,Aluminium Alloy,,,,,,,,,,,,,
UK,M,M,Mil-Ver Metal Co Ltd,Ingots,WARRANTABLE,,,Aluminium Alloy,,,,,,,,,,,,,
USA,ALLIED METAL CO,ALLMTC,Allied Metal Co,Ingots,WARRANTABLE,,,Aluminium Alloy,,,,,,,,,,,,,
USA,AUDUBON,AUDU,Audubon Metals LLC,Ingots,WARRANTABLE,,,Aluminium Alloy,,,,,,,,,,,,,
USA,BERMCO,BERMCO,Bermco Aluminum,Ingots,WARRANTABLE,,,Aluminium Alloy,,,,,,,,,,,,,
USA,CASS,CASA,"Cass, Inc.",Ingots,WARRANTABLE,,,Aluminium Alloy,,,,,,,,,,,,,
USA,IMCO M,IMM,"Real Alloy Specification, LLC",Ingots,WARRANTABLE,,,Aluminium Alloy,,,,,,,,,,,,,
USA,IMCO M2,IMM2,"Real Alloy Specification, LLC","Ingots,Large sows",WARRANTABLE,,,Aluminium Alloy,,,,,,,,,,,,,
USA,LMI,LMI,"Custom Alloy Light Metals, Inc.","Ingots,Large sows",WARRANTABLE,,,Aluminium Alloy,,,,,,,,,,,,,
USA,OHA,OHAAA,Owl's Head Alloys Inc,"Ingots,Large sows",WARRANTABLE,,,Aluminium Alloy,,,,,,,,,,,,,
USA,SAC,SAC,Spectro Alloys Corp.,Ingots,WARRANTABLE,,,Aluminium Alloy,,,,,,,,,,,,,
USA,SMI,SMI,State Metal Industries Inc.,Ingots,WARRANTABLE,,,Aluminium Alloy,,,,,,,,,,,,,
USA,TIMCO,TIMCO,TST Inc.,"Ingots,Small sows",WARRANTABLE,,,Aluminium Alloy,,,,,,,,,,,,,
USA,WABASH W,WABASW,"Real Alloy Specification, LLC","Ingots,Large sows",WARRANTABLE,,,Aluminium Alloy,,,,,,,,,,,,,
USA,WE ALCOA,WEAA,"Alcoa, Inc.",Large sows,NO NEW WARRANTS CAN BE ISSUED,,,Aluminium Alloy,,,,,,,,,,,,,
Intentionally blank,,,,,,,,Aluminium Alloy,,,,,,,,,,,,,
Canada,ABCQ,ABCQNA,Alcoa Corporation,T-bars,WARRANTABLE,,,NASAAC,,,,,,,,,,,,,
Canada,ABI,ABINA,Aluminerie de Becancour Inc.,T-bars,WARRANTABLE,,,NASAAC,,,,,,,,,,,,,
Canada,DESCHAMBAULT,DESCHN,Alcoa Corporation,T-bars,WARRANTABLE,,,NASAAC,,,,,,,,,,,,,
Canada,WABASH M,WAMNA,Real Alloy Canada Ltd.,"Ingots,Small sows",WARRANTABLE,,,NASAAC,,,,,,,,,,,,,
China,YECHIU TC,YETCNA,Ye Chiu Metal Recycling (China) Ltd.,Ingots,WARRANTABLE,,,NASAAC,,,,,,,,,,,,,
Finland,K,KNA,Kuusakoski Oy,Ingots,WARRANTABLE,,,NASAAC,,,,,,,,,,,,,
Germany,MW,MWNA,TRIMET Aluminium SE,Ingots,WARRANTABLE,,,NASAAC,,,,,,,,,,,,,
Germany,OE,OENA,Oetinger Aluminium NU GmbH,Ingots,WARRANTABLE,,,NASAAC,,,,,,,,,,,,,
Germany,VAWICCN,VAWICN,Real Alloy (Germany) GbmH,Ingots,WARRANTABLE,,,NASAAC,,,,,,,,,,,,,
Germany,VAW-IMCO E,VAENA,Real Alloy (Germany) GbmH,Ingots,WARRANTABLE,,,NASAAC,,,,,,,,,,,,,
Germany,VAW-IMCO Innwerk,VAWINA,Real Alloy (Germany) GbmH,Ingots,WARRANTABLE,,,NASAAC,,,,,,,,,,,,,
Indonesia,HP,HPNA,P.T. H.P. Metals Indonesia,Ingots,WARRANTABLE,,,NASAAC,,,,,,,,,,,,,
Italy,FECS,FECSNA,FECS Partecipazioni S.p.A.,Ingots,WARRANTABLE,,,NASAAC,,,,,,,,,,,,,
Italy,R.M.,RMNA,Raffmetal S.p.A.,Ingots,WARRANTABLE,,,NASAAC,,,,,,,,,,,,,
Italy,SACAL,SACANA,Sacal Societa Alluminio Carisio S.p.A.,Ingots,WARRANTABLE,,,NASAAC,,,,,,,,,,,,,
Italy,VM,VMNA,Intals S.p.A.,Ingots,WARRANTABLE,,Produced after 21/08/2013,NASAAC,,,,,,,,,,,,,
Malaysia,DIKM,DIKMNA,Daiki Aluminium Industry (Malaysia) Sdn. Bhd.,Ingots,NO NEW WARRANTS CAN BE ISSUED,,,NASAAC,,,,,,,,,,,,,
Malaysia,YE CHIU,YENA,Ye Chiu Metal Smelting Sdn. Bhd.,Ingots,WARRANTABLE,,,NASAAC,,,,,,,,,,,,,
Mexico,WABASH V,WAVNA,Real Alloy Mexico S. DE R.L. DE C.V.,Ingots,WARRANTABLE,,,NASAAC,,,,,,,,,,,,,
Nigeria,SUPER,SUPERN,Sun Metal Industries Ltd,Ingots,WARRANTABLE,,,NASAAC,,,,,,,,,,,,,
Russia,MK MBC,MKNA,"""Mordovvtorsiryo"" LLC",Ingots,NO NEW WARRANTS CAN BE ISSUED,,,NASAAC,,,,,,,,,,,,,
Russia,PTM,PTMNA,Permtsvetmet JSC,"Ingots,Large sows",NO NEW WARRANTS CAN BE ISSUED,,,NASAAC,,,,,,,,,,,,,
Russia,RUSAL B,RUSBNA,"Public Joint Stock Company ""RUSAL Bratsk Aluminium Smelter""","Ingots,T-bars",NO NEW WARRANTS CAN BE ISSUED,,,NASAAC,,,,,,,,,,,,,
Russia,S,SNA,"SEAL & Co., Ltd","Ingots,Large sows",NO NEW WARRANTS CAN BE ISSUED,,,NASAAC,,,,,,,,,,,,,
Spain,ALCASA,ALCNA,"Befesa Aluminio, S.L.",Ingots,WARRANTABLE,,,NASAAC,,,,,,,,,,,,,
Spain,ALUSIGMA,ALUSNA,Alusigma S.A.,Ingots,WARRANTABLE,,,NASAAC,,,,,,,,,,,,,
Spain,LA ESTRELLA,LAESNA,"Aluminio La Estrella, S.L.U.",Ingots,WARRANTABLE,,,NASAAC,,,,,,,,,,,,,
Spain,REFIAL,REFIAL,Refineria De Aluminio S.L,Ingots,WARRANTABLE,,,NASAAC,,,,,,,,,,,,,
Spain,REMETAL,REMNA,"Befesa Aluminio, S.L.",Ingots,WARRANTABLE,,,NASAAC,,,,,,,,,,,,,
Sweden,STENA A,STENA,Stena Aluminium AB,Ingots,WARRANTABLE,,,NASAAC,,,,,,,,,,,,,
Taiwan,CC,CCNA,"Charng Chyi Aluminum Co., Ltd.",Ingots,WARRANTABLE,,,NASAAC,,,,,,,,,,,,,
Taiwan,SBI,SBINA,Sigma Brothers Inc.,Ingots,WARRANTABLE,,,NASAAC,,,,,,,,,,,,,
UK,ALERIS SWA,ALSWA,Aleris Recycling (Swansea) Ltd.,Large sows,NO NEW WARRANTS CAN BE ISSUED,,,NASAAC,,,,,,,,,,,,,
UK,CAL,CALNA,Coleshill Aluminium Ltd,Ingots,WARRANTABLE,,,NASAAC,,,,,,,,,,,,,
UK,JBMI,JBMINA,JBM International Ltd,Ingots,WARRANTABLE,,,NASAAC,,,,,,,,,,,,,
UK,M,MNA,Mil-Ver Metal Co Ltd,Ingots,WARRANTABLE,,,NASAAC,,,,,,,,,,,,,
USA,A-1,A1,Imperial Aluminum LLC,"Ingots,Large sows,Small sows",WARRANTABLE,,,NASAAC,,,,,,,,,,,,,
USA,ALLIED METAL CO,ALMNA,Allied Metal Co ,"Ingots,Small sows",WARRANTABLE,,,NASAAC,,,,,,,,,,,,,
USA,AUDUBON,AUDUNA,Audubon Metals LLC,"Ingots,Large sows,Small sows",WARRANTABLE,,,NASAAC,,,,,,,,,,,,,
USA,BERMCO,BERMNA,Bermco Aluminum,"Ingots,Large sows,Small sows",WARRANTABLE,,,NASAAC,,,,,,,,,,,,,
USA,CASS,CASN,"Cass, Inc.",Ingots,WARRANTABLE,,,NASAAC,,,,,,,,,,,,,
USA,HV,HV,Huron Valley Steel Corporation,Ingots,WARRANTABLE,,,NASAAC,,,,,,,,,,,,,
USA,IMCO M,IMMNA,"Real Alloy Specification, LLC","Ingots,Large sows,Small sows",WARRANTABLE,,,NASAAC,,,,,,,,,,,,,
USA,IMCO M2,IMM2NA,"Real Alloy Specification, LLC","Ingots,Large sows,Small sows",WARRANTABLE,,,NASAAC,,,,,,,,,,,,,
USA,INTALCO,INTANA,Alcoa Corporation,"Ingots,T-bars",NO NEW WARRANTS CAN BE ISSUED,,,NASAAC,,,,,,,,,,,,,
USA,LMI,LMINA,"Custom Alloy Light Metals, Inc.",Ingots,WARRANTABLE,,,NASAAC,,,,,,,,,,,,,
USA,OHA,OHANA,Owl's Head Alloys Inc,"Ingots,Large sows",WARRANTABLE,,,NASAAC,,,,,,,,,,,,,
USA,SAC,SACNA,Spectro Alloys Corp.,"Ingots,Small sows",WARRANTABLE,,,NASAAC,,,,,,,,,,,,,
USA,SMI,SMINA,State Metal Industries Inc.,"Ingots,Small sows",WARRANTABLE,,,NASAAC,,,,,,,,,,,,,
USA,SUPERIOR,SUPENA,Superior Aluminum Alloys LLC,"Ingots,Small sows",WARRANTABLE,,,NASAAC,,,,,,,,,,,,,
USA,TIMCO,TIMNA,TST Inc.,"Ingots,Small sows",WARRANTABLE,,,NASAAC,,,,,,,,,,,,,
USA,WABASH W,WAWNA,"Real Alloy Specification, LLC","Ingots,Large sows,Small sows",WARRANTABLE,,,NASAAC,,,,,,,,,,,,,
USA,WE ALCOA,WENA,"Alcoa, Inc.",Large sows,NO NEW WARRANTS CAN BE ISSUED,,,NASAAC,,,,,,,,,,,,,
Intentionally blank,,,,,,,,NASAAC,,,,,,,,,,,,,
Australia,MINARA COBALT BRIQUETTES,MINACO,Minara Resources Pty Ltd,Briquettes,WARRANTABLE,,,Cobalt,,,,,,,,,,,,,
Brazil,TOCANTINS ALLOY GRADE 99.8%,TOC,Votorantim Metais S.A.,Cathodes (Broken),NO NEW WARRANTS CAN BE ISSUED,,,Cobalt,,,,,,,,,,,,,
Canada,VALE ELECTROLYTIC COBALT ROUNDS,VALECR,Vale Canada Limited,Rounds,WARRANTABLE,,,Cobalt,,,,,,,,,,,,,
China,CASH,CASH,"Yantai Cash Industrial Co., Ltd.",Cathodes (Cut),WARRANTABLE,,See Notice 17/241,Cobalt,,,,,,,,,,,,,
China,GOLDEN CAMEL 9995,GCAM95,"Jinchuan Group Co., Ltd.",Cathodes (Cut),WARRANTABLE,,,Cobalt,,,,,,,,,,,,,
China,HUAYOU,HUAYOU,"Quzhou Huayou Cobalt New Material Co., Ltd",Cathodes (Cut),WARRANTABLE,,Produced on or after 16 July 2019,Cobalt,,,,,,,,,,,,,
China,KLK 9995,KLK,GEM (Jiangsu) Cobalt Industry Co Ltd,Cathodes (Cut),WARRANTABLE,,,Cobalt,,,,,,,,,,,,,
Finland,FC COARSE COBALT POWDER S1 d200/1000,FCCOPO,Freeport Cobalt Oy,Coarse grain powder,NO NEW WARRANTS CAN BE ISSUED,,,Cobalt,,,,,,,,,,,,,
Finland ,UMICORE COBALT POWDER S1,UMICOB,Umicore Finland Oy,Coarse grain powder,WARRANTABLE,,,Cobalt,,,,,,,,,,,,,
Japan,SMM CO 99.8%,SMMCO,"Sumitomo Metal Mining Co., Ltd.",Cathodes (Cut),WARRANTABLE,,,Cobalt,,,,,,,,,,,,,
Madagascar,AMBATOVY COBALT BRIQUETTES,AMBCOB,"Dynatec Madagascar S.A. a ""société anonyme""",Briquettes,WARRANTABLE,,,Cobalt,,,,,,,,,,,,,
Morocco,CMBA,CMBA,CTT - Compagnie de Tifnout Tiranimine,Cathodes (Broken),WARRANTABLE,,Produced on or after 26 April 2011,Cobalt,,,,,,,,,,,,,
Russia,NORNICKEL,NORCOB,"JSC ""Kola GMK""",Cathodes (Cut),WARRANTABLE,,,Cobalt,,,,,,,,,,,,,
Uganda,KCCL,KCCL,Kasese Cobalt Company Limited,Cathodes (Broken),NO NEW WARRANTS CAN BE ISSUED,,,Cobalt,,,,,,,,,,,,,
Zambia,CMA,CMA,Chambishi Metals Plc,Cathodes (Broken),NO NEW WARRANTS CAN BE ISSUED,,,Cobalt,,,,,,,,,,,,,
Zambia,CMP,CMP,Chambishi Metals Plc,Cathodes (Broken),NO NEW WARRANTS CAN BE ISSUED,,,Cobalt,,,,,,,,,,,,,
Intentionally blank,,,,,,,,Cobalt,,,,,,,,,,,,,
