Producer,Brand,material, Country/Region,Matching Company 90%,Matching Parent Company Cleaned 50%,Matching Company_brand 90%,Matching Parent Company_Brand Cleaned 50%,Match,Location,Category,Website
Mount Isa Mines Ltd,ISA,Copper - Grade A,Australia,,,ISA Group,ISA Group,1,United States of America,Health Sector: General,http://www.isa.com.co
BHP Olympic Dam Corporation Pty Ltd,OLYDA,Copper - Grade A,Australia,,,,,0,,,
Montanwerke Brixlegg Aktiengesellschaft,BRX,Copper - Grade A,Austria,,,,,0,,,
Aurubis Belgium n.v./s.a.,OLEN,Copper - Grade A,Belgium,,,,,0,,,
Paranapanema S.A.,CbM,Copper - Grade A,Brazil,,,,,0,,,
Paranapanema S.A.,CbM-P,Copper - Grade A,Brazil,,,,,0,,,
Aurubis Bulgaria AD,PIRDOP,Copper - Grade A,Bulgaria,,,,,0,,,
Glencore Canada Corporation,NORANDA,Copper - Grade A,Canada,,Glencore,,,1,Switzerland,"Metals & steel, Mining, Oil, gas & coal",https://www.glencore.com/
Sociedad Contractual Minera El Abra,ABRA,Copper - Grade A,Chile,,,,,0,,,
Corporacion Nacional del Cobre de Chile,AE,Copper - Grade A,Chile,,,,,0,,,
Corporacion Nacional del Cobre de Chile,AE SX EW,Copper - Grade A,Chile,,,,,0,,,
SCM Minara Lumina Copper Chile,CASERONES,Copper - Grade A,Chile,,,,,0,,,
Corporacion Nacional del Cobre de Chile,CCCP,Copper - Grade A,Chile,,,,,0,,,
Corporacion Nacional del Cobre de Chile,CCC-SBL,Copper - Grade A,Chile,,,,,0,,,
Corporacion Nacional del Cobre de Chile,CHUQUI-P,Copper - Grade A,Chile,,,,,0,,,
Compañia Minera Cerro Colorado Ltda,CMCC,Copper - Grade A,Chile,,,,CMCC,1,,,
Corporacion Nacional del Cobre de Chile,ENM,Copper - Grade A,Chile,,,,,0,,,
Minera Escondida Limitada,ESOX,Copper - Grade A,Chile,,,,,0,,,
Corporacion Nacional del Cobre de Chile,GABY,Copper - Grade A,Chile,,,,,0,,,
Compañía Minera Lomas Bayas,LBF,Copper - Grade A,Chile,,,,,0,,,
Minera Centinela,MET,Copper - Grade A,Chile,,,,,0,,,
Minera HMC S.A.,MIC-P,Copper - Grade A,Chile,,HMC,,,1,,,
Minera Michilla S.A,MIC-T,Copper - Grade A,Chile,,,,,0,,,
Capstones Copper Corporation,MB,Copper - Grade A,Chile,,,,,0,,,
Mantoverde S.A.,MV,Copper - Grade A,Chile,,,,,0,,,
Compania Minera Teck Quebrada Blanca S.A.,QB,Copper - Grade A,Chile,,,,,0,,,
Corporacion Nacional del Cobre de Chile,RT,Copper - Grade A,Chile,,,,,0,,,
Minera Spence S.A.,SPENCE,Copper - Grade A,Chile,,,,,0,,,
Compania Minera Zaldivar,ZALDIVAR,Copper - Grade A,Chile,,,,,0,,,
"Daye Nonferrous Metals Co., Ltd",DJ-A,Copper - Grade A,China,,,,,0,,,
"Daye Nonferrous Metals Co., Ltd",DJ-B,Copper - Grade A,China,,,,,0,,,
"China Copper Southeast Copper Co., Ltd",DN-TIEFENG ,Copper - Grade A,China,,,,,0,,,
"Chifeng Yuntong Non-Ferrous Metals Co., Ltd",CF-TIEFENG ,Copper - Grade A,China,,,,,0,,,
Jiangxi Copper Company Ltd.,GUIYE,Copper - Grade A,China,Jiangxi Copper Company,,,,1,China,Mining,http://www.jxcc.com/
Heilongjiang Zijin Copper Co Ltd,HLJ ZIJIN,Copper - Grade A,China,,,,Zijin,1,,,
"Shandong Humon Smelting Co., Ltd",HUMON-D,Copper - Grade A,China,,,,,0,,,
Jiangxi Copper Company Ltd.,JCC,Copper - Grade A,China,Jiangxi Copper Company,,,JCC,1,China,Mining,http://www.jxcc.com/
"Jiangxi Copper (QingYuan) Co., Ltd",JCC-QY,Copper - Grade A,China,,,,JCC,1,,,
"Jilin Zijin Copper Co., Ltd",JILIN ZIJIN,Copper - Grade A,China,,,,Zijin,1,,,
"Zhejiang Jiangtong Fuye Heding Copper Co., Ltd",JINFENG,Copper - Grade A,China,,,,,0,,,
"Jinlong Copper Co., Ltd",JINTUN,Copper - Grade A,China,,,,,0,,,
"Dongying Jinxi Copper Co., Ltd",JINXI,Copper - Grade A,China,,,,,0,,,
"Jinchuan Group Co., Ltd.",JNMC,Copper - Grade A,China,,Jinchuan International,,,1,,,
Guangxi Jinchuan Non-Ferrous Metals Co Ltd,JNMCc,Copper - Grade A,China,,,,,0,,,
Dongying Lufang Metals Material Co Ltd,LFC,Copper - Grade A,China,,,,,0,,,
"Yunnan Copper Industry Co., Ltd",TIE FENG,Copper - Grade A,China,,,,,0,,,
"Tongling Nonferrous Metals Group Co., Ltd.",TG-JG,Copper - Grade A,China,,Hunan Nonferrous Metals Group,,,1,,,http://www.hng.com.cn
"Jinlong Copper Co., Ltd",TG-JL,Copper - Grade A,China,,,,,0,,,
YangGu Xiangguang Copper Co Ltd,XGC,Copper - Grade A,China,,,,,0,,,
YangGu Xiangguang Copper Co Ltd,XGC II,Copper - Grade A,China,,,,,0,,,
"Henan Yuguang Gold & Lead Co., Ltd",YG,Copper - Grade A,China,Henan Yuguang Gold & Lead,,,,1,,,http://www.yggf.com.cn
"Zijin Copper Co., Ltd",ZIJIN,Copper - Grade A,China,,Zijin,,Zijin,1,,,
"Guangxi Nanko Copper Co., Ltd.",QL,Copper - Grade A,China,,,,,0,,,
Henan Zhongyuan Gold Smelter LLC,ZJZY,Copper - Grade A,China,,,,,0,,,
Boliden Harjavalta Oy,BCH,Copper - Grade A,Finland,,,,,0,,,
Aurubis AG,HK,Copper - Grade A,Germany,,,,HK,1,,,
Aurubis AG,NA-ESN,Copper - Grade A,Germany,,,,,0,,,
Hindalco Industries Limited,BIRLA COPPER,Copper - Grade A,India,,,,,0,,,
Hindalco Industries Limited,BIRLA COPPER II,Copper - Grade A,India,,,,,0,,,
Vedanta Limited,STERLITE,Copper - Grade A,India,,Vedanta Resources,,,1,,,
Vedanta Limited,STERLITE T,Copper - Grade A,India,,Vedanta Resources,,,1,,,
PT Smelting,GRESIK,Copper - Grade A,Indonesia,PT Smelting,,,,1,Indonesia,Metals & steel,http://www.ptsmelting.com/
JX Nippon Mining & Metals Corporation,HR,Copper - Grade A,Japan,,Nippon Mining,,,1,,,http://www.shinnikko-hd.co.jp
Mitsubishi Materials Corporation,MITSUBISHI,Copper - Grade A,Japan,,,Mitsubishi Group,Mitsubishi Group,1,Japan,"Food & beverage, Chemical: General, Electrical appliance, Finance & banking, Mining, Technology, telecom & electronics, Transport: General",http://www.mitsubishi.com
Onahama Smelting & Refining Co Ltd,OSR,Copper - Grade A,Japan,,,,,0,,,
JX Nippon Mining & Metals Corporation,SR-P,Copper - Grade A,Japan,,Nippon Mining,,,1,,,http://www.shinnikko-hd.co.jp
"Sumitomo Metal Mining Co., Ltd.",SUMIKO N,Copper - Grade A,Japan,,"joint venture between Vale, Sumitomo Metal Mining and Mining Industry Indonesia",,,1,,,
"Sumitomo Metal Mining Co., Ltd.",SUMIKO-S,Copper - Grade A,Japan,,"joint venture between Vale, Sumitomo Metal Mining and Mining Industry Indonesia",,,1,,,
"Sumitomo Metal Mining Co., Ltd.",SUMIKO T,Copper - Grade A,Japan,,"joint venture between Vale, Sumitomo Metal Mining and Mining Industry Indonesia",,,1,,,
"Hibi Kyodo Smelting Co., Ltd",TAMANO-P,Copper - Grade A,Japan,,,,,0,,,
LS MnM.,ONSAN I,Copper - Grade A,Korea (South),,LS C&S,,,1,,,
LS MnM.,ONSAN II,Copper - Grade A,Korea (South),,LS C&S,,,1,,,
Lane Xang Minerals Limited,SEPON,Copper - Grade A,Laos,,,,,0,,,
Metalurgica de Cobre S.A. de C.V.,CER,Copper - Grade A,Mexico,,,,,0,,,
Myanmar Wanbao Mining Copper Ltd.,MONYWA LPT,Copper - Grade A,Myanmar,,,,,0,,,
Myanmar Yang Tse Copper Limited,MONYWA S&K,Copper - Grade A,Myanmar,,,,,0,,,
Glencore Nikkelverk AS,FHG,Copper - Grade A,Norway,,Glencore,,,1,Switzerland,"Metals & steel, Mining, Oil, gas & coal",https://www.glencore.com/
Sociedad Contractual Minera Cerro Verde,SMCV,Copper - Grade A,Peru,,,,,0,,,
Southern Peru Copper Corporation,SPCC-ILO,Copper - Grade A,Peru,,Southern,,,1,,,
Southern Peru Copper Corporation,SPCC-SXEW,Copper - Grade A,Peru,,Southern,,,1,,,
Philippine Associated Smelting and Refining Corporation,PSR ISABEL,Copper - Grade A,Philippines,,,,,0,,,
KGHM Polska Miedz SA,HMG-B,Copper - Grade A,Poland,,,,,0,,,
KGHM Polska Miedz SA,HMG-S,Copper - Grade A,Poland,,,,,0,,,
KGHM Polska Miedz SA,HML,Copper - Grade A,Poland,,,,,0,,,
PJSC “MMC “Norilsk Nickel”,NORNICKEL ,Copper - Grade A,Russia,,,,,0,,,
PJSC “MMC “Norilsk Nickel”,NORILSK,Copper - Grade A,Russia,,,,,0,,,
JSC Uralelektromed,UMMC,Copper - Grade A,Russia,,,,,0,,,
JSC Uralelektromed,UMMC II,Copper - Grade A,Russia,,,,,0,,,
Palabora Mining Company Limited,RIO TINTO PALABORA MINING COMPANY LIMITED,Copper - Grade A,South Africa,,,,Rio Tinto,1,United Kingdom,Mining,https://www.riotinto.com/
Atlantic Copper S.L.U.,FMS,Copper - Grade A,Spain,,,,,0,,,
Cobre Las Cruces S.A.,FQM-CLC,Copper - Grade A,Spain,,,,,0,,,
Boliden Mineral AB,BK,Copper - Grade A,Sweden,,,,,0,,,
ASARCO LLC,ATR,Copper - Grade A,USA,,,,,0,,,
Freeport-McMoRan Copper & Gold Inc.,CBCC,Copper - Grade A,USA,,Freeport-McMoRan,,,1,United States of America,Mining,https://fcx.com/
Freeport-McMoRan Copper & Gold Inc.,CTB,Copper - Grade A,USA,,Freeport-McMoRan,,,1,United States of America,Mining,https://fcx.com/
Kennecott Utah Copper LLC,KUC,Copper - Grade A,USA,,,,,0,,,
Freeport-McMoRan Copper & Gold Inc.,P*D,Copper - Grade A,USA,,Freeport-McMoRan,,,1,United States of America,Mining,https://fcx.com/
Freeport-McMoRan Copper & Gold Inc.,PD*GO,Copper - Grade A,USA,,Freeport-McMoRan,,,1,United States of America,Mining,https://fcx.com/
Freeport-McMoRan Copper & Gold Inc.,PDMI,Copper - Grade A,USA,,Freeport-McMoRan,,,1,United States of America,Mining,https://fcx.com/
Freeport-McMoRan Copper & Gold Inc.,PDSS,Copper - Grade A,USA,,Freeport-McMoRan,,,1,United States of America,Mining,https://fcx.com/
Chambishi Metals Plc,CMC,Copper - Grade A,Zambia,Chambishi Metals,,CMC Group,CMC,1,,,
Mopani Copper Mines Plc,MCM2,Copper - Grade A,Zambia,,,,,0,,,
Konkola Copper Mines plc,REC,Copper - Grade A,Zambia,,,,,0,,,
Nyrstar Sales & Marketing AG,NYRSTAR BHAS 9997,Lead,,,,,,0,,,
Nyrstar Sales & Marketing AG,NYRSTAR BHAS 9999,Lead,,,,,,0,,,
Nyrstar Sales & Marketing AG,ZINIFEX BHAS BROKEN HILL - AUSTRALIA 9997,Lead,,,,,,0,,,
ECOBAT Resources Austria,BBU,Lead,,,,,,0,,,
Campine Recycling NV,MCR MADE IN BELGIUM,Lead,,,,,,0,,,
Umicore,UMICORE 99.97,Lead,,Umicore,,,,1,,,http://www.umicore.com
Umicore,UMICORE 99.985,Lead,,Umicore,,,,1,,,http://www.umicore.com
Umicore,UMICORE 99.99,Lead,,Umicore,,,,1,,,http://www.umicore.com
KCM AD,KUM 99.97%,Lead,,,,,,0,,,
KCM AD,KUM 99.99%,Lead,,,,,,0,,,
Teck Metals Ltd.,TECK COMINCO,Lead,,,,,,0,,,
Terrapure Environmental,NOVA PB 9997,Lead,,,,,,0,,,
Terrapure Environmental,TONOLLI CANADA,Lead,,,,,,0,,,
"Honghe Red Lead Chemical Co., Ltd.",HS Pb99.994PCT,Lead,,,,,,0,,,
"Baiyin Nonferrous Group Co., Ltd.",IBIS,Lead,,,,,,0,,,
"Henan Jinli Gold and Lead Group Co., Ltd",JIJIN,Lead,,,,,,0,,,
"Hunan Yuteng Nonferrous Metals Co., Ltd.",JINYUTENG,Lead,,,Hunan Nonferrous Metals Group,,,1,,,http://www.hng.com.cn
Shenzhen Zhongjin Lingnan Nonfemet Co. Ltd.,NH-R,Lead,,,,,,0,,,
Guangxi Nandan Nanfang Metal Company Limited,NF,Lead,,,,,,0,,,
"Hunan Shui Kou Shan Nonferrous Metals Group Co., Ltd.",SKS,Lead,,,Hunan Nonferrous Metals Group,,,1,,,http://www.hng.com.cn
"Jiyuan Wanyang Smeltery Group Co., Ltd.",WANYANG,Lead,,,,,,0,,,
"Henan Yuguang Gold and Lead Co., Ltd",YUGUANG,Lead,,Henan Yuguang Gold & Lead,,,,1,,,http://www.yggf.com.cn
"Yunnan Zhenxing Industry Group Co., Ltd.",YUNSHA PB99.994%MIN,Lead,,,,,,0,,,
"Yunnan Chihong Zinc & Germanium Co., Ltd.",YQ 99994,Lead,,,,,,0,,,
"Luoyang Yongning Nonferrous Technology Co., Ltd",YNG,Lead,,,,,,0,,,
Shadian Refinery,YY PB 99.994PCT,Lead,,,,,,0,,,
Metalblanc,FMB PB970R,Lead,,,,,,0,,,
Metalblanc,FMB PB985R,Lead,,,,,,0,,,
Affinerie de Pont Sainte Maxence,GAST 970R,Lead,,,,,,0,,,
Societe de Traitements Chimiques des Metaux,STCM 970R,Lead,,,,,,0,,,
Aurubis AG,AURUBIS F99.985,Lead,,,,,,0,,,
ECOBAT Resources Braubach,BSB,Lead,,,,,,0,,,
ECOBAT Resources Freiberg,F,Lead,,,,,,0,,,
Nordenham Metall GmbH,ME WESER,Lead,,,,,,0,,,
ECOBAT Resources Stolberg,STOLBERG,Lead,,,,,,0,,,
Pondy Oxides and Chemicals Limited,POCL PB970R,Lead,,,,,,0,,,
Hindustan Zinc Ltd.,VEDANTA 99.99,Lead,,,,,,0,,,
Hindustan Zinc Ltd.,VEDANTA PB 99.99,Lead,,,,,,0,,,
PT. Indra Eramulti Logam Industri,IMLI PB 99.97,Lead,,,,,,0,,,
PT. Indra Eramulti Logam Industri,IMLI PB 99.99,Lead,,,,,,0,,,
Hakurnas Lead Works Ltd.,HK970R,Lead,,,,,,0,,,
Piombifera Italiana S.p.A.,MAK-1,Lead,,,,,,0,,,
Piomboleghe Srl,P. COLOMBO,Lead,,,,,,0,,,
Eco-Bat S.r.l.,ECO BAT,Lead,,,,,,0,,,
Portovesme Srl,SAN GAVINO,Lead,,,,,,0,,,
Mitsui Mining & Smelting Co Ltd,EMK-K,Lead,,,joint venture Nippon Mining & Metals & Mitsui Mining & Smelting,,,1,,,
Mitsui Mining & Smelting Co Ltd,EMK-T,Lead,,,joint venture Nippon Mining & Metals & Mitsui Mining & Smelting,,,1,,,
Toho Zinc Co Ltd,TAK,Lead,,,,,,0,,,
"Hosokura Metal Mining Co., Ltd.",THREE DIAMOND,Lead,,,,,,0,,,
Kazzinc Ltd.,YK,Lead,,Kazzinc,,,,1,Kazakhstan,Mining,
Korea Zinc Co Ltd,KZ-LEAD,Lead,,,,,,0,,,
Joong-IL Metals Inc.,JIM 99.985,Lead,,,,,,0,,,
Arayby for Industrial & Trading Company s.a.r.l.,ARAYBY 99.97% MADE IN A.C. LEBANON,Lead,,,,,,0,,,
Arayby for Industrial & Trading Company s.a.r.l.,ARAYBY 99.985% MADE IN A.C. LEBANON,Lead,,,,,,0,,,
Metalurgica Met-Mex Penoles SA de CV,PENOLES,Lead,,,,,,0,,,
"Corporación Pipsa, S.A. de C.V.",PIPSA 99.970%,Lead,,,,,,0,,,
Orzel Bialy S.A.,EAGLE 9997,Lead,,,,,,0,,,
"Huta Cynku ""Miasteczko Slaskie"" S.A.",H20POLSKAMS,Lead,,,,,,0,,,
KGHM Polska Miedz SA,KGHM PB970R,Lead,,,,,,0,,,
KGHM Polska Miedz SA,KGHM PB985R,Lead,,,,,,0,,,
KGHM Polska Miedz SA,KGHM PB990R,Lead,,,,,,0,,,
Fregat LLC,FRGT PB985R,Lead,,,,,,0,,,
Fry's Metals - a Division of Zimco Group (Pty) Ltd,FRY'S 99.97 RSL,Lead,,,,,,0,,,
"Metalurgica de Medina, S.A.",FESA,Lead,,,,,,0,,,
Derichebourg España S.A.U,RECOBAT PB,Lead,,,,,,0,,,
Derichebourg España S.A.U,RECOBAT PB985R,Lead,,,,,,0,,,
"Exide Technologies, S.L.U.",TUDOR,Lead,,,,,,0,,,
Boliden Bergsoe AB,BERA,Lead,,,,,,0,,,
Boliden Mineral AB,BOLIDEN 9997,Lead,,,,,,0,,,
Jian Shin Resources Corporation,JS PB970R,Lead,,,,,,0,,,
Thye Ming Industrial Co Ltd,TMI,Lead,,,,,,0,,,
"Bergsoe Metals Co., Ltd",BML PB99.97,Lead,,,,,,0,,,
"Bergsoe Metals Co., Ltd.",XINXIN.BML 99.994,Lead,,,,,,0,,,
Britannia Refined Metals Ltd,BLCO 9997%,Lead,,,,,,0,,,
Britannia Refined Metals Ltd,BLCO 9999%,Lead,,,,,,0,,,
Britannia Refined Metals Ltd,BLCO 99994%,Lead,,,,,,0,,,
Britannia Refined Metals Ltd,BLCO 99995%,Lead,,,,,,0,,,
Britannia Refined Metals Ltd,BLCO 99985,Lead,,,,,,0,,,
H.J. Enthoven & Sons,HJ ENTHOVEN & SONS,Lead,,,,,,0,,,
"CJSC ""SVINETS""",SVINETS 99.97,Lead,,,,,,0,,,
"CJSC ""SVINETS""",SVINETS 99.99,Lead,,,,,,0,,,
"Sanders Lead Co., Ltd.",SANDERS,Lead,,,,,,0,,,
RSR Corporation,REVERE,Lead,,,,,,0,,,
RSR Corporation,RSR-CLFR,Lead,,,,,,0,,,
RSR Corporation,RSR-INDY,Lead,,,,,,0,,,
Nyrstar Sales & Marketing AG,NYRSTAR A-Z Z1,Special High Grade Zinc,Australia,,,,,0,,,
Sun Metals Corporation Pty Ltd,SMC SHG 99.995,Special High Grade Zinc,Australia,,Sun Corporation,,SMC,1,Japan,"Technology, telecom & electronics",
Nyrstar Sales & Marketing AG,NYRSTAR OVERPELT Z1,Special High Grade Zinc,Belgium,,,,,0,,,
Nexa Recursos Minerais S.A.,VOTORANTIM JF ZINC SHG,Special High Grade Zinc,Brazil,,,,Votorantim,1,Brazil,"Finance & banking, Metals & steel, Paper & cardboard, Energy",http://www.votorantim.com.br
Nexa Recursos Minerais S.A.,VOTORANTIM TM ZINC SHG,Special High Grade Zinc,Brazil,,,,Votorantim,1,Brazil,"Finance & banking, Metals & steel, Paper & cardboard, Energy",http://www.votorantim.com.br
KCM AD,KUM 99.995,Special High Grade Zinc,Bulgaria,,,,,0,,,
"Canadian Electrolytic Zinc Limited, On behalf of Noranda Income Limited Partnership",CEZINC SHG,Special High Grade Zinc,Canada,,,,,0,,,
Teck Metals Ltd.,TECK COMINCO CANADA SHG,Special High Grade Zinc,Canada,,,,,0,,,
"Hanzhong Zinc Industry Co., Ltd",BYXY SHG,Special High Grade Zinc,China,,,,,0,,,
"Sichuan Hongda Co., Ltd.",G CI SHAN SHG,Special High Grade Zinc,China,,,,,0,,,
"Huludao Zinc Industry Co., Ltd.",HX SHG,Special High Grade Zinc,China,,,,,0,,,
"Chifeng NFC Zinc Co., Ltd.",HY99.995,Special High Grade Zinc,China,,,,,0,,,
"Baiyin Nonferrous Group Co., Ltd.",IBIS SHG,Special High Grade Zinc,China,,,,,0,,,
Shenzhen Zhongjin Lingnan Nonfemet Co. Ltd.,NH-SHG,Special High Grade Zinc,China,,,,,0,,,
"Zhuzhou Smelter Group Co., Ltd.",TORCH III SHG,Special High Grade Zinc,China,,,,,0,,,
"Henan Yuguang Zinc Industry Co., Ltd.",YG SHG,Special High Grade Zinc,China,,,,,0,,,
"Yunnan Chihong Zinc & Germanium Co., Ltd.",YH99.995,Special High Grade Zinc,China,,,,,0,,,
"Yunnan Chihong Zinc & Germanium Co., Ltd.",YQ99.995,Special High Grade Zinc,China,,,,,0,,,
"Bayannaoer Zijin Non-ferrous Metal Co., Ltd",ZIJIN SHG,Special High Grade Zinc,China,,,,Zijin,1,,,
Boliden Kokkola Oy,KOKKOLA ZINC SHG,Special High Grade Zinc,Finland,,,,,0,,,
Hindustan Zinc Ltd.,HZL SHG 99.995,Special High Grade Zinc,India,,,,,0,,,
Hindustan Zinc Ltd.,HZL Zn SHG 99.995,Special High Grade Zinc,India,,,,,0,,,
Hindustan Zinc Ltd.,VEDANTA SHG 99.995,Special High Grade Zinc,India,,,,,0,,,
Hindustan Zinc Ltd.,VEDANTA Zn SHG 99.995,Special High Grade Zinc,India,,,,,0,,,
Portovesme Srl,NUOVA SAMIM Zn 99.995%,Special High Grade Zinc,Italy,,,,,0,,,
Akita Zinc Co Ltd,AZC SHG,Special High Grade Zinc,Japan,,,,,0,,,
Mitsui Mining & Smelting Co Ltd,EMC-H SHG,Special High Grade Zinc,Japan,,joint venture Nippon Mining & Metals & Mitsui Mining & Smelting,,,1,,,
Mitsui Mining & Smelting Co Ltd,EMC-K SHG,Special High Grade Zinc,Japan,,joint venture Nippon Mining & Metals & Mitsui Mining & Smelting,,,1,,,
Mitsui Mining & Smelting Co Ltd,HSC-SHG,Special High Grade Zinc,Japan,,joint venture Nippon Mining & Metals & Mitsui Mining & Smelting,,,1,,,
Toho Zinc Co Ltd,TOHO SHG,Special High Grade Zinc,Japan,,,,,0,,,
Korea Zinc Co Ltd,KZ-SHG 99.995,Special High Grade Zinc,Korea (South),,,,,0,,,
Young Poong Corporation,YP-SHG,Special High Grade Zinc,Korea (South),,,,,0,,,
"Industrial Minera Mexico, S.A. de C.V.",IMM SLP SHG99995,Special High Grade Zinc,Mexico,,,,,0,,,
Metalurgica Met-Mex Penoles SA de CV,PENOLES SHG,Special High Grade Zinc,Mexico,,,,,0,,,
Namzinc (Proprietary) Ltd,SZ SHG,Special High Grade Zinc,Nambia,,,,,0,,,
Nyrstar Sales & Marketing AG,NYRSTAR NL Z1,Special High Grade Zinc,Netherlands,,,,,0,,,
Boliden Odda AS,NORZINK MADE IN NORWAY SHG,Special High Grade Zinc,Norway,,,,,0,,,
Nexa Resources Cajamarquilla S.A.,VOTORANTIM CJ ZINC SHG,Special High Grade Zinc,Peru,,,,Votorantim,1,Brazil,"Finance & banking, Metals & steel, Paper & cardboard, Energy",http://www.votorantim.com.br
"Huta Cynku ""Miasteczko Slaskie"" S.A.",HCM SHG 99.995,Special High Grade Zinc,Poland,,,,,0,,,
Zaklady Gorniczo-Hutnicze “Boleslaw”,ZGH Z1,Special High Grade Zinc,Poland,,,,,0,,,
Joint Stock Company Chelyabinsk Zinc Plant,CZP SHG,Special High Grade Zinc,Russia,,,,,0,,,
Asturiana de Zinc S.A.U.,ASTUZINC ELECTRO 99.995%,Special High Grade Zinc,Spain,,,,,0,,,
Nyrstar Sales & Marketing AG,NYRSTAR CLARKSVILLE Z1,Special High Grade Zinc,USA,,,,,0,,,
Aurubis Beerse NV,M,Tin,Belgium,,,,,0,,,
Empresa Metalurgica Vinto,ENAF,Tin,Bolivia,,,,,0,,,
Mineracao Taboca SA,MAMORE,Tin,Brazil,,,,,0,,,
White Solder Metalurgia e Mineracao LTDA,WHITE SOLDER BR,Tin,Brazil,,,,,0,,,
China Tin Smelter Co. Ltd.,JH,Tin,China,,,,,0,,,
"Gejiu Zili Mining and Smelting Co., Ltd.",YS,Tin,China,,,,,0,,,
Yunnan Tin Company Limited,YT,Tin,China,,,,,0,,,
"Yunnan Chengfeng Non-Ferrous Metals Co., Ltd.",YUNHENG,Tin,China,,,,,0,,,
"Gejiu Kaimeng Industry and Trade Co., Ltd",YUNXIANG,Tin,China,,,,,0,,,
Gejiu Jinye Renewable Technology Co Ltd,YINSHENG,Tin,China,,,,,0,,,
PT Timah Tbk.,BANKA,Tin,Indonesia ,,PT Merdeka Copper Gold Tbk,,,1,,,
PT. Bukit Timah,IMLI,Tin,Indonesia ,,,,,0,,,
PT. Babel Inti Perkasa,IMLI BELITUNG,Tin,Indonesia ,,,,,0,,,
PT Timah Tbk.,KUNDUR,Tin,Indonesia ,,PT Merdeka Copper Gold Tbk,,,1,,,
PT Timah Tbk.,MENTOK,Tin,Indonesia ,,PT Merdeka Copper Gold Tbk,,,1,,,
PT. Mitra Stania Prima,MSP,Tin,Indonesia ,,,,,0,,,
PT. Refined Bangka Tin,RBT,Tin,Indonesia ,,,,,0,,,
PT. Tinindo Inter Nusa,TININDO,Tin,Indonesia ,,,,,0,,,
PT. Prima Timah Utama,PTU,Tin,Indonesia ,,,,,0,,,
Malaysia Smelting Corporation Bhd.,MALAYSIA SMELTING CORPORATION,Tin,Malaysia,,Malaysia,Malaysia Smelting,Malaysia,1,,,http://www.msmelt.com
Malaysia Smelting Corporation Bhd.,MALAYSIA SMELTING CORPORATION STRAITS REFINED TIN,Tin,Malaysia,,Malaysia,,,1,,,
Thailand Smelting & Refining Co Ltd,PHUKET,Tin,Thailand,,,,,0,,,
Thailand Smelting & Refining Co Ltd,THAISARCO,Tin,Thailand,,,,,0,,,
BHP Billiton Nickel West Pty Ltd,BHP BILLITON NICKEL BRIQUETTES,Primary Nickel,Australia,,,,,0,,,
BHP Nickel West Pty Ltd,BHP NICKEL BRIQUETTES,Primary Nickel,Australia,,,,BHP,1,Australia,"Mining, Oil, gas & coal",https://www.bhp.com/
Minara Resources Pty Ltd,MINARA HIGH GRADE NICKEL BRIQUETTES,Primary Nickel,Australia,,PTY,,,1,,,
Votorantim Metais S.A.,TOCANTINS,Primary Nickel,Brazil,,Votorantim,,,1,Brazil,"Finance & banking, Metals & steel, Paper & cardboard, Energy",http://www.votorantim.com.br
The Cobalt Refinery Company Inc,SHERRITT NICKEL BRIQUETTES,Primary Nickel,Canada,,,,,0,,,
Vale Canada Limited,VALE MELT ROUNDS,Primary Nickel,Canada,,Vale,,Vale,1,Brazil,"Energy, Oil, gas & coal, Metals & steel, Mining",http://www.vale.com/EN/Pages/default.aspx
Vale Canada Limited,VALE NICKEL PELLETS,Primary Nickel,Canada,,Vale,,Vale,1,Brazil,"Energy, Oil, gas & coal, Metals & steel, Mining",http://www.vale.com/EN/Pages/default.aspx
Vale Canada Limited,VALE PLATING ROUNDS,Primary Nickel,Canada,,Vale,,Vale,1,Brazil,"Energy, Oil, gas & coal, Metals & steel, Mining",http://www.vale.com/EN/Pages/default.aspx
"Yantai Cash Industrial Co., Ltd.",CASH,Primary Nickel,China,,,,Chipper Cash,1,,,
"Jinchuan Group Co., Ltd.",JINTUO GRADE 1,Primary Nickel,China,,Jinchuan International,,,1,,,
Norilsk Nickel Harjavalta Oy,NORILSK NICKEL HARJAVALTA CATHODES,Primary Nickel,Finland,,,,,0,,,
Norilsk Nickel Harjavalta Oy,NORILSK NICKEL HARJAVALTA BRIQUETTES,Primary Nickel,Finland,,,,,0,,,
Sibanye-Stillwater Sandouville Refinery,NICKEL HP,Primary Nickel,France,,,,HP,1,,,
"Sumitomo Metal Mining Co., Ltd.",SUMITOMO METAL MINING CO. LTD,Primary Nickel,Japan,,"joint venture between Vale, Sumitomo Metal Mining and Mining Industry Indonesia",,,1,,,
"Sumitomo Metal Mining Co., Ltd.",SMM,Primary Nickel,Japan,,"joint venture between Vale, Sumitomo Metal Mining and Mining Industry Indonesia",,,1,,,
"Dynatec Madagascar S.A. a ""société anonyme""",AMBATOVY NICKEL BRIQUETTES,Primary Nickel,Madagascar,,,,,0,,,
Glencore Nikkelverk AS,NIKKELVERK NICKEL,Primary Nickel,Norway,,Glencore,,,1,Switzerland,"Metals & steel, Mining, Oil, gas & coal",https://www.glencore.com/
"JSC ""Kola GMK""",NORNICKEL,Primary Nickel,Russia,,,,,0,,,
"JSC ""Kola GMK""",SEVERONICKEL COMBINE H-1,Primary Nickel,Russia,,,,,0,,,
"JSC ""Kola GMK""",SEVERONICKEL COMBINE H-1Y,Primary Nickel,Russia,,,,,0,,,
Impala Platinum Ltd,IMPALA NICKEL,Primary Nickel,South Africa,,,,,0,,,
Rustenburg Platinum Mines Limited,RPM NICKEL,Primary Nickel,South Africa,,,,,0,,,
Vale Canada Limited produced by Vale Europe Limited,VALE NICKEL PELLETS,Primary Nickel,UK,,Vale,,Vale,1,Brazil,"Energy, Oil, gas & coal, Metals & steel, Mining",http://www.vale.com/EN/Pages/default.aspx
RioZim Limited,BCL EMPRESS,Primary Nickel,Zimbabwe,,,,,0,,,
Aluar Aluminio Argentino SAIC,ALUAR,High Grade Primary Aluminium,Argentina,Aluminio Argentino SAIC (Aluar),Aluar,,Aluar,1,Argentina,"Metals/plastics/basic materials: General, Welding",https://www.aluar.com.ar/
Rio Tinto Aluminium (Bell Bay) Limited,BBY,High Grade Primary Aluminium,Australia,,Rio Tinto,,,1,United Kingdom,Mining,https://www.riotinto.com/
Boyne Smelters Ltd,BSL,High Grade Primary Aluminium,Australia,,,,,0,,,
Alcoa Portland Aluminium Pty Ltd,PORTLAND,High Grade Primary Aluminium,Australia,,,,,0,,,
Tomago Aluminium Co Pty Ltd,TOMAGO,High Grade Primary Aluminium,Australia,,,,,0,,,
Aluminium Bahrain BSC (c),ALBA,High Grade Primary Aluminium,Bahrain,,Aluminium Bahrain,,,1,,,
Albras Aluminio Brasileiro SA,ALBRAS,High Grade Primary Aluminium,Brazil ,,,,,0,,,
Alcoa Aluminio SA,ALCOA BRASIL,High Grade Primary Aluminium,Brazil ,,,,,0,,,
Companhia Brasileira de Aluminio,CBA,High Grade Primary Aluminium,Brazil ,,Companhia Brasileira de Aluminio,,,1,,,
Alcoa Aluminio SA,SAO LUIS,High Grade Primary Aluminium,Brazil ,,,,,0,,,
BHP Billiton Metais SA,SAO LUIS,High Grade Primary Aluminium,Brazil ,,,,,0,,,
Alucam,ALUCAM,High Grade Primary Aluminium,Cameroon,,,,,0,,,
Rio Tinto Alcan Inc.,AAR,High Grade Primary Aluminium,Canada,,now Rio Tinto Alcan,,,1,,,
Alcoa Corporation,ABCQ,High Grade Primary Aluminium,Canada,,,,,0,,,
Aluminerie de Becancour Inc.,ABI,High Grade Primary Aluminium,Canada,,,,,0,,,
Rio Tinto Alcan Inc.,ALMA,High Grade Primary Aluminium,Canada,,now Rio Tinto Alcan,,,1,,,
Aluminerie Alouette Inc.,ALOUETTE,High Grade Primary Aluminium,Canada,,,,,0,,,
Alcoa Corporation,DESCHAMBAULT,High Grade Primary Aluminium,Canada,,,,,0,,,
Rio Tinto Alcan Inc.,GBAIE,High Grade Primary Aluminium,Canada,,now Rio Tinto Alcan,,,1,,,
Rio Tinto Alcan Inc.,KIT,High Grade Primary Aluminium,Canada,,now Rio Tinto Alcan,,,1,,,
Rio Tinto Alcan Inc.,LAT,High Grade Primary Aluminium,Canada,,now Rio Tinto Alcan,,,1,,,
Rio Tinto Alcan Inc.,PLS,High Grade Primary Aluminium,Canada,,now Rio Tinto Alcan,,,1,,,
"Sichuan Guangyuan Aostar Aluminium Co., Ltd.",AST,High Grade Primary Aluminium,China,,,,,0,,,
Baotou Aluminium (Group) Co. Ltd,BTL,High Grade Primary Aluminium,China,,,,,0,,,
"Aluminium Corporation of China Ltd, CHALCO",G*L,High Grade Primary Aluminium,China,,Aluminum Corporation of China,,,1,,,
"Aluminium Corporation of China Ltd, CHALCO",LL2,High Grade Primary Aluminium,China,,Aluminum Corporation of China,,,1,,,
"Lanzhou Liancheng Aluminium Industrial Co., Ltd",LLL,High Grade Primary Aluminium,China,,,,,0,,,
"Aluminium Corporation of China Ltd, CHALCO",QHAS,High Grade Primary Aluminium,China,,Aluminum Corporation of China,,,1,,,
Qingtongxia Aluminium Holding Co Ltd,QTX ND,High Grade Primary Aluminium,China,,,,,0,,,
Qingtongxia Aluminium Holding Co Ltd,QTX,High Grade Primary Aluminium,China,,,,,0,,,
"Henan Shenhuo Coal & Power Co., Ltd",RG,High Grade Primary Aluminium,China,,,,,0,,,
Jiaozuo Wanfang Aluminium Manufacturing Co. Ltd,WF,High Grade Primary Aluminium,China,,,,,0,,,
Yunnan Aluminium Co. Ltd,YL YL,High Grade Primary Aluminium,China,,,,,0,,,
The Aluminium Company of Egypt,EGYPTALUM,High Grade Primary Aluminium,Egypt,,,,,0,,,
Aluminium Dunkerque,AD,High Grade Primary Aluminium,France,,,,,0,,,
Trimet France,TASJ,High Grade Primary Aluminium,France,,,,,0,,,
TRIMET Aluminium SE,TAE,High Grade Primary Aluminium,Germany,,,,,0,,,
TRIMET Aluminium SE,TAHH,High Grade Primary Aluminium,Germany,,,,,0,,,
Mytilineos S.A.,AoG,High Grade Primary Aluminium,Greece,Mytilineos,,,,1,,,http://web.mytilineos.gr
Alcoa Corporation,AFJA,High Grade Primary Aluminium,Iceland,,,,,0,,,
Alcan Iceland Ltd.,ISAL,High Grade Primary Aluminium,Iceland,,,,,0,,,
Nordural - Grundartangi ehf.,NA NA,High Grade Primary Aluminium,Iceland,,,,,0,,,
Bharat Aluminium Co. Ltd.,BHARATAL,High Grade Primary Aluminium,India,,,,,0,,,
Hindalco Industries Limited,HINDALCO AD,High Grade Primary Aluminium,India,,,,,0,,,
Hindalco Industries Limited,HINDALCO HK,High Grade Primary Aluminium,India,,,,HK,1,,,
Hindalco Industries Limited,HINDALCO MH,High Grade Primary Aluminium,India,,,,,0,,,
Hindalco Industries Limited,HINDALCO,High Grade Primary Aluminium,India,,,,,0,,,
National Aluminium Co Ltd,NALCO,High Grade Primary Aluminium,India,,National Aluminium Company,,,1,,,
Vedanta Limited,VEDANTA,High Grade Primary Aluminium,India,,Vedanta Resources,,Vedanta Resources,1,,,
Vedanta Limited,VEDANTAL,High Grade Primary Aluminium,India,,Vedanta Resources,,,1,,,
PT Indonesia Asahan Aluminium (Persero),INAL,High Grade Primary Aluminium,Indonesia,,,,,0,,,
Iranian Aluminium Co,IRALCO,High Grade Primary Aluminium,Iran,,,,,0,,,
"""Kazakhstan Aluminium Smelter"" JSC",KAS,High Grade Primary Aluminium,Kazakhstan,,,,,0,,,
Press Metal Bintulu Sdn Bhd,PMB,High Grade Primary Aluminium,Malaysia,,,,,0,,,
Press Metal Sarawak Sdn. Bhd.,PMS,High Grade Primary Aluminium,Malaysia,,,,,0,,,
Kombinat Aluminijuma Podgorica,KAP,High Grade Primary Aluminium,Montenegro,,,,,0,,,
Mozal S.A.R.L,MOZAL,High Grade Primary Aluminium,Mozambique,,,,,0,,,
DAMCO Aluminium Delfzijl Coöperatie U.A.,DELFZIJL,High Grade Primary Aluminium,Netherlands,,,,,0,,,
New Zealand Aluminium Smelters Ltd,NZAS,High Grade Primary Aluminium,New Zealand,,,,,0,,,
Alcoa Norway ANS,EAM,High Grade Primary Aluminium,Norway,,,,,0,,,
Hydro Aluminium AS (Ardal),HYDRO A,High Grade Primary Aluminium,Norway,,Hydro,,Hydro,1,,,
Hydro Aluminium AS (Hoyanger),HYDRO H,High Grade Primary Aluminium,Norway,,Hydro,,Hydro,1,,,
Hydro Aluminium AS (Karmoy),HYDRO K,High Grade Primary Aluminium,Norway,,Hydro,,Hydro,1,,,
Hydro Aluminium AS (Sunndalsora),HYDRO S,High Grade Primary Aluminium,Norway,,Hydro,,Hydro,1,,,
Hydro Aluminium AS,SOERAL,High Grade Primary Aluminium,Norway,,Hydro,,,1,,,
Sohar Aluminium Company LLC,SOHAR,High Grade Primary Aluminium,Oman,,,,,0,,,
Qatar Aluminium Limited (Q.S.C.),QATALUM,High Grade Primary Aluminium,Qatar,,Qatar,,,1,,,
S.C. Alro S.A.,ALRO,High Grade Primary Aluminium,Romania,,,,,0,,,
JSC Boguchany Aluminium Smelter,BOAZ,High Grade Primary Aluminium,Russia,,,,,0,,,
United Company RUSAL Kandalaksha Aluminium Smelter,KAZ SUAL,High Grade Primary Aluminium,Russia,,,,SUAL,1,,,
Nadvoitsky Aluminium Plant of Siberian-Urals Aluminium Smelter,NAZ SUAL,High Grade Primary Aluminium,Russia,,,,SUAL,1,,,
"Public Joint Stock Company ""RUSAL Bratsk Aluminium Smelter""",RUSAL B,High Grade Primary Aluminium,Russia,,,RUSAL,RUSAL,1,Russia,Metals & steel,http://www.rusal.com
Affiliate of PJSC “RUSAL Bratsk” in Shelekhov,RUSAL I,High Grade Primary Aluminium,Russia,,,RUSAL,RUSAL,1,Russia,Metals & steel,http://www.rusal.com
"Joint Stock Company ""RUSAL Krasnoyarsk Aluminium Smelter""",RUSAL K,High Grade Primary Aluminium,Russia,,,RUSAL,RUSAL,1,Russia,Metals & steel,http://www.rusal.com
"Joint Stock Company ""RUSAL Sayanogorsk Aluminium Smelter""",RUSAL KH,High Grade Primary Aluminium,Russia,,,,RUSAL,1,Russia,Metals & steel,http://www.rusal.com
"Joint Stock Company ""RUSAL Novokuznetsk Aluminium Smelter""",RUSAL N,High Grade Primary Aluminium,Russia,,,RUSAL,RUSAL,1,Russia,Metals & steel,http://www.rusal.com
"Joint Stock Company ""RUSAL Sayanogorsk Aluminium Smelter""",RUSAL S,High Grade Primary Aluminium,Russia,,,RUSAL,RUSAL,1,Russia,Metals & steel,http://www.rusal.com
United Company RUSAL Volgograd Aluminium Smelter,RUSAL VG,High Grade Primary Aluminium,Russia,,,,RUSAL,1,Russia,Metals & steel,http://www.rusal.com
Ma'aden Aluminium Company,YALMA,High Grade Primary Aluminium,Saudi Arabia,,,,,0,,,
Slovalco a.s.,SLOVALCO,High Grade Primary Aluminium,Slovakia,,,,,0,,,
Hillside Aluminium,HILLSIDE,High Grade Primary Aluminium,South Africa,,,,,0,,,
Alcoa Inespal Aviles S.L.,ALCOA INESPAL AV,High Grade Primary Aluminium,Spain,,,,,0,,,
Alcoa Corporation,ALCOA-SC,High Grade Primary Aluminium,Spain,,,,,0,,,
EGA Emirates Global Aluminium,DUBAL,High Grade Primary Aluminium,UAE,,,,,0,,,
EGA Emirates Global Aluminium,EMAL,High Grade Primary Aluminium,UAE,,,,,0,,,
Alvance British Aluminium Ltd.,LIBERTY BA,High Grade Primary Aluminium,UK,,,,Liberty Media,1,United States of America,Media & publishing: General,http://www.libertymedia.com
Alcoa Corporation,ALCOA,High Grade Primary Aluminium,USA,,,Alcoa,,1,United States of America,Metals & steel,http://www.alcoa.com
"Century Aluminum of Kentucky, G.P.",CENTURY,High Grade Primary Aluminium,USA,,,,21st Century Fox,1,United States of America,Media & publishing: General,https://www.21cf.com
Alcoa Corporation,INTALCO,High Grade Primary Aluminium,USA,,,,,0,,,
"Alcoa, Inc.",ME ALCOA,High Grade Primary Aluminium,USA,,,,ME Sportwaffen,1,,,http://www.me-sportwaffen.de
Century Aluminum of South Carolina Inc.,MT HOLLY,High Grade Primary Aluminium,USA,,,,,0,,,
Century Aluminum Sebree LLC,SEB,High Grade Primary Aluminium,USA,,,SEB,,1,Sweden,Finance & banking,http://www.seb.se
Alcoa Corporation,WAR ALCOA,High Grade Primary Aluminium,USA,,,,,0,,,
"Alcoa, Inc.",WE ALCOA,High Grade Primary Aluminium,USA,,,,,0,,,
CVG Industria Venezolana de Aluminio CA,VENALUM,High Grade Primary Aluminium,Venezuela,,,,CVG VENALUM,1,,,
Alcoa Portland Aluminium Pty Ltd,PORTLAND,Aluminium Alloy,Australia,,,,,0,,,
Tomago Aluminium Co Pty Ltd,TOMAGO,Aluminium Alloy,Australia,,,,,0,,,
Real Alloy Canada Ltd.,WABASH M,Aluminium Alloy,Canada,,,,,0,,,
Ye Chiu Metal Recycling (China) Ltd.,YECHIU TC,Aluminium Alloy,China,,,,TC Energy,1,,,
Zhangzhou Sigma Metals Inc.,ZSM,Aluminium Alloy,China,,,,,0,,,
Kuusakoski Oy,K,Aluminium Alloy,Finland,,,,,0,,,
Refinal Industries SA,REFINAL,Aluminium Alloy,France,,,,,0,,,
TRIMET Aluminium SE,MW,Aluminium Alloy,Germany,,,,,0,,,
Oetinger Aluminium NU GmbH,OE,Aluminium Alloy,Germany,,,,,0,,,
TRIMET Aluminium SE,TAG,Aluminium Alloy,Germany,,,,,0,,,
Real Alloy (Germany) GbmH,VAWICC,Aluminium Alloy,Germany,,,,,0,,,
Real Alloy (Germany) GbmH,VAW-IMCO E,Aluminium Alloy,Germany,,,,,0,,,
Real Alloy (Germany) GbmH,VAW-IMCO Innwerk,Aluminium Alloy,Germany,,,,,0,,,
P.T. H.P. Metals Indonesia,HP,Aluminium Alloy,Indonesia,,Indonesia Power,,HP,1,,,
FECS Partecipazioni S.p.A.,FECS,Aluminium Alloy,Italy,,,,,0,,,
Raffmetal S.p.A.,R.M.,Aluminium Alloy,Italy,,,,,0,,,
Sacal Societa Alluminio Carisio S.p.A.,SACAL,Aluminium Alloy,Italy,,,,,0,,,
Intals S.p.A.,VM,Aluminium Alloy,Italy,,,,,0,,,
Ahresty Corporation,AHRESTY,Aluminium Alloy,Japan,,,,,0,,,
Daiki Aluminium Industry (Malaysia) Sdn. Bhd.,DIKM,Aluminium Alloy,Malaysia,,,,,0,,,
Ye Chiu Metal Smelting Sdn. Bhd.,YE CHIU,Aluminium Alloy,Malaysia,,,,,0,,,
Real Alloy Mexico S. DE R.L. DE C.V.,WABASH V,Aluminium Alloy,Mexico,,,,,0,,,
Sun Metal Industries Ltd,SUPER,Aluminium Alloy,Nigeria,,,,,0,,,
Russian Aluminium Alloys Ltd.,BMC,Aluminium Alloy,Russia,,,,BMC,1,,,
"""Mordovvtorsiryo"" LLC",MK MBC,Aluminium Alloy,Russia,,,,,0,,,
Permtsvetmet JSC,PTM,Aluminium Alloy,Russia,,,,,0,,,
"Public Joint Stock Company ""RUSAL Bratsk Aluminium Smelter""",RUSAL B,Aluminium Alloy,Russia,,,RUSAL,RUSAL,1,Russia,Metals & steel,http://www.rusal.com
"SEAL & Co., Ltd",S,Aluminium Alloy,Russia,,,,,0,,,
"Befesa Aluminio, S.L.",ALCASA,Aluminium Alloy,Spain,,,,,0,,,
Alusigma S.A.,ALUSIGMA,Aluminium Alloy,Spain,,,,,0,,,
"Aluminio La Estrella, S.L.U.",LA ESTRELLA,Aluminium Alloy,Spain,,,,,0,,,
Refineria De Aluminio S.L,REFIAL,Aluminium Alloy,Spain,,,,,0,,,
"Befesa Aluminio, S.L.",REMETAL,Aluminium Alloy,Spain,,,,,0,,,
Stena Aluminium AB,STENA A,Aluminium Alloy,Sweden,,,,,0,,,
"Charng Chyi Aluminum Co., Ltd.",CC,Aluminium Alloy,Taiwan,,,,,0,,,
Sigma Brothers Inc.,SBI,Aluminium Alloy,Taiwan,,,,,0,,,
"Daiki Aluminium Industry (Thailand) Co., Ltd.",DIK,Aluminium Alloy,Thailand,,,,,0,,,
Mekhanicheskiy Zavod Ltd,MZ,Aluminium Alloy,Ukraine,,,,,0,,,
"""TPK Ukrsplav "" Ltd",URV,Aluminium Alloy,Ukraine,,,,,0,,,
Coleshill Aluminium Ltd,CAL,Aluminium Alloy,UK,,,,,0,,,
JBM International Ltd,JBMI,Aluminium Alloy,UK,,International,,,1,,,
Mil-Ver Metal Co Ltd,M,Aluminium Alloy,UK,,,,,0,,,
Allied Metal Co,ALLIED METAL CO,Aluminium Alloy,USA,,,,,0,,,
Audubon Metals LLC,AUDUBON,Aluminium Alloy,USA,,,,,0,,,
Bermco Aluminum,BERMCO,Aluminium Alloy,USA,,,,,0,,,
"Cass, Inc.",CASS,Aluminium Alloy,USA,,,,,0,,,
"Real Alloy Specification, LLC",IMCO M,Aluminium Alloy,USA,,,,,0,,,
"Real Alloy Specification, LLC",IMCO M2,Aluminium Alloy,USA,,,,,0,,,
"Custom Alloy Light Metals, Inc.",LMI,Aluminium Alloy,USA,,,,,0,,,
Owl's Head Alloys Inc,OHA,Aluminium Alloy,USA,,,,,0,,,
Spectro Alloys Corp.,SAC,Aluminium Alloy,USA,,,,SAC,1,,,
State Metal Industries Inc.,SMI,Aluminium Alloy,USA,,,,SMI,1,,,
TST Inc.,TIMCO,Aluminium Alloy,USA,"TST, Inc.",,,,1,United States of America,"Mining, Metals & steel",https://tst-inc.com/
"Real Alloy Specification, LLC",WABASH W,Aluminium Alloy,USA,,,,,0,,,
"Alcoa, Inc.",WE ALCOA,Aluminium Alloy,USA,,,,,0,,,
Alcoa Corporation,ABCQ,NASAAC,Canada,,,,,0,,,
Aluminerie de Becancour Inc.,ABI,NASAAC,Canada,,,,,0,,,
Alcoa Corporation,DESCHAMBAULT,NASAAC,Canada,,,,,0,,,
Real Alloy Canada Ltd.,WABASH M,NASAAC,Canada,,,,,0,,,
Ye Chiu Metal Recycling (China) Ltd.,YECHIU TC,NASAAC,China,,,,TC Energy,1,,,
Kuusakoski Oy,K,NASAAC,Finland,,,,,0,,,
TRIMET Aluminium SE,MW,NASAAC,Germany,,,,,0,,,
Oetinger Aluminium NU GmbH,OE,NASAAC,Germany,,,,,0,,,
Real Alloy (Germany) GbmH,VAWICCN,NASAAC,Germany,,,,,0,,,
Real Alloy (Germany) GbmH,VAW-IMCO E,NASAAC,Germany,,,,,0,,,
Real Alloy (Germany) GbmH,VAW-IMCO Innwerk,NASAAC,Germany,,,,,0,,,
P.T. H.P. Metals Indonesia,HP,NASAAC,Indonesia,,Indonesia Power,,HP,1,,,
FECS Partecipazioni S.p.A.,FECS,NASAAC,Italy,,,,,0,,,
Raffmetal S.p.A.,R.M.,NASAAC,Italy,,,,,0,,,
Sacal Societa Alluminio Carisio S.p.A.,SACAL,NASAAC,Italy,,,,,0,,,
Intals S.p.A.,VM,NASAAC,Italy,,,,,0,,,
Daiki Aluminium Industry (Malaysia) Sdn. Bhd.,DIKM,NASAAC,Malaysia,,,,,0,,,
Ye Chiu Metal Smelting Sdn. Bhd.,YE CHIU,NASAAC,Malaysia,,,,,0,,,
Real Alloy Mexico S. DE R.L. DE C.V.,WABASH V,NASAAC,Mexico,,,,,0,,,
Sun Metal Industries Ltd,SUPER,NASAAC,Nigeria,,,,,0,,,
"""Mordovvtorsiryo"" LLC",MK MBC,NASAAC,Russia,,,,,0,,,
Permtsvetmet JSC,PTM,NASAAC,Russia,,,,,0,,,
"Public Joint Stock Company ""RUSAL Bratsk Aluminium Smelter""",RUSAL B,NASAAC,Russia,,,RUSAL,RUSAL,1,Russia,Metals & steel,http://www.rusal.com
"SEAL & Co., Ltd",S,NASAAC,Russia,,,,,0,,,
"Befesa Aluminio, S.L.",ALCASA,NASAAC,Spain,,,,,0,,,
Alusigma S.A.,ALUSIGMA,NASAAC,Spain,,,,,0,,,
"Aluminio La Estrella, S.L.U.",LA ESTRELLA,NASAAC,Spain,,,,,0,,,
Refineria De Aluminio S.L,REFIAL,NASAAC,Spain,,,,,0,,,
"Befesa Aluminio, S.L.",REMETAL,NASAAC,Spain,,,,,0,,,
Stena Aluminium AB,STENA A,NASAAC,Sweden,,,,,0,,,
"Charng Chyi Aluminum Co., Ltd.",CC,NASAAC,Taiwan,,,,,0,,,
Sigma Brothers Inc.,SBI,NASAAC,Taiwan,,,,,0,,,
Aleris Recycling (Swansea) Ltd.,ALERIS SWA,NASAAC,UK,,,,,0,,,
Coleshill Aluminium Ltd,CAL,NASAAC,UK,,,,,0,,,
JBM International Ltd,JBMI,NASAAC,UK,,International,,,1,,,
Mil-Ver Metal Co Ltd,M,NASAAC,UK,,,,,0,,,
Imperial Aluminum LLC,A-1,NASAAC,USA,,,,,0,,,
Allied Metal Co ,ALLIED METAL CO,NASAAC,USA,,,,,0,,,
Audubon Metals LLC,AUDUBON,NASAAC,USA,,,,,0,,,
Bermco Aluminum,BERMCO,NASAAC,USA,,,,,0,,,
"Cass, Inc.",CASS,NASAAC,USA,,,,,0,,,
Huron Valley Steel Corporation,HV,NASAAC,USA,,,,,0,,,
"Real Alloy Specification, LLC",IMCO M,NASAAC,USA,,,,,0,,,
"Real Alloy Specification, LLC",IMCO M2,NASAAC,USA,,,,,0,,,
Alcoa Corporation,INTALCO,NASAAC,USA,,,,,0,,,
"Custom Alloy Light Metals, Inc.",LMI,NASAAC,USA,,,,,0,,,
Owl's Head Alloys Inc,OHA,NASAAC,USA,,,,,0,,,
Spectro Alloys Corp.,SAC,NASAAC,USA,,,,SAC,1,,,
State Metal Industries Inc.,SMI,NASAAC,USA,,,,SMI,1,,,
Superior Aluminum Alloys LLC,SUPERIOR,NASAAC,USA,,,,,0,,,
TST Inc.,TIMCO,NASAAC,USA,"TST, Inc.",,,,1,United States of America,"Mining, Metals & steel",https://tst-inc.com/
"Real Alloy Specification, LLC",WABASH W,NASAAC,USA,,,,,0,,,
"Alcoa, Inc.",WE ALCOA,NASAAC,USA,,,,,0,,,
Minara Resources Pty Ltd,MINARA COBALT BRIQUETTES,Cobalt,Australia,,PTY,,,1,,,
Votorantim Metais S.A.,TOCANTINS ALLOY GRADE 99.8%,Cobalt,Brazil,,Votorantim,,,1,Brazil,"Finance & banking, Metals & steel, Paper & cardboard, Energy",http://www.votorantim.com.br
Vale Canada Limited,VALE ELECTROLYTIC COBALT ROUNDS,Cobalt,Canada,,Vale,,,1,Brazil,"Energy, Oil, gas & coal, Metals & steel, Mining",http://www.vale.com/EN/Pages/default.aspx
"Yantai Cash Industrial Co., Ltd.",CASH,Cobalt,China,,,,Chipper Cash,1,,,
"Jinchuan Group Co., Ltd.",GOLDEN CAMEL 9995,Cobalt,China,,Jinchuan International,,,1,,,
"Quzhou Huayou Cobalt New Material Co., Ltd",HUAYOU,Cobalt,China,,,,,0,,,
GEM (Jiangsu) Cobalt Industry Co Ltd,KLK 9995,Cobalt,China,,,,,0,,,
Freeport Cobalt Oy,FC COARSE COBALT POWDER S1 d200/1000,Cobalt,Finland,,,,,0,,,
Umicore Finland Oy,UMICORE COBALT POWDER S1,Cobalt,Finland ,,,,,0,,,
"Sumitomo Metal Mining Co., Ltd.",SMM CO 99.8%,Cobalt,Japan,,"joint venture between Vale, Sumitomo Metal Mining and Mining Industry Indonesia",,,1,,,
"Dynatec Madagascar S.A. a ""société anonyme""",AMBATOVY COBALT BRIQUETTES,Cobalt,Madagascar,,,,,0,,,
CTT - Compagnie de Tifnout Tiranimine,CMBA,Cobalt,Morocco,,,,,0,,,
"JSC ""Kola GMK""",NORNICKEL,Cobalt,Russia,,,,,0,,,
Kasese Cobalt Company Limited,KCCL,Cobalt,Uganda,,,,,0,,,
Chambishi Metals Plc,CMA,Cobalt,Zambia,Chambishi Metals,,,,1,,,
Chambishi Metals Plc,CMP,Cobalt,Zambia,Chambishi Metals,,,,1,,,
